ticker,start_date,end_date,days,max_consecutive_days,total_stale_days
IAA,2010-01-08,2018-08-08,3135,2002,2002
TRVI,2012-01-13,2018-05-25,2325,1591,1591
KLR,2009-07-21,2015-07-10,2181,560,1397
WEI,2012-04-24,2018-02-22,2131,1453,3275
INVH,2011-11-21,2017-01-31,1899,1032,1032
GRAF,2013-02-26,2018-03-02,1831,1223,3366
UBX,2013-02-05,2017-03-16,1501,1036,2041
BHR,2002-06-03,2006-05-01,1429,20,547
EAI,2011-11-17,2015-10-05,1419,788,789
CHRS,2011-11-17,2014-07-30,987,631,631
CTAA,2011-11-18,2014-05-28,923,632,1063
NSA,2010-03-22,2012-09-20,914,252,295
FIV,2011-11-18,2014-05-05,900,616,1064
ROAD,2015-03-24,2017-08-29,890,614,1154
SONM,2011-11-17,2014-04-07,873,598,639
GFL,2017-10-17,2020-03-02,868,474,582
TT,2016-04-28,2018-08-16,841,432,1781
HMI,2011-11-18,2014-02-06,812,556,926
OCCI,2014-09-04,2016-11-03,792,426,1236
ERI,2011-06-22,2013-07-08,748,414,679
UBX,2011-01-26,2013-01-31,737,1036,2041
WEI,2002-11-15,2004-10-19,705,1453,3275
DOMO,2013-01-03,2014-11-03,670,462,522
TWLO,2012-03-02,2013-12-10,649,447,866
SPFI,2005-12-16,2007-09-05,629,229,1793
ETON,2013-01-30,2014-07-30,547,348,651
SBE,2012-01-13,2013-07-08,543,327,540
RCP,2011-11-23,2013-05-09,534,363,1190
DUO,2016-04-06,2017-08-09,491,340,408
ANVS,2017-09-19,2019-01-11,480,331,360
YUMA,1993-01-05,1994-04-07,458,319,2485
DUOT,2011-09-08,2012-12-06,456,265,974
HMI,2000-03-15,2001-06-08,451,556,926
ETON,2015-10-22,2016-12-27,433,348,651
LBC,2006-05-16,2007-07-11,422,181,1956
TT,2012-08-31,2013-10-25,421,432,1781
LFVN,1997-05-02,1998-06-25,420,290,2466
BPMX,2013-02-15,2014-04-08,418,287,475
SVA,2019-02-26,2020-04-01,401,278,278
TRT,1993-03-04,1994-04-07,400,278,1268
ICL,2001-04-26,2002-05-28,398,270,1731
CCB,2012-07-03,2013-07-08,371,253,1818
GWB,2012-07-12,2013-07-08,362,247,1415
GMAB,2011-08-09,2012-07-23,350,241,1068
CLSK,2013-04-19,2014-03-28,344,238,1229
BHAT,2009-04-13,2010-03-16,338,234,1339
CCBG,1996-01-31,1996-12-31,336,233,717
CCBG,1994-09-22,1995-08-23,336,233,717
SPFI,2008-05-16,2009-04-14,334,229,1793
SU,1993-01-05,1993-11-30,330,230,625
PFBC,2004-03-04,2005-01-27,330,228,1314
GRAF,2001-10-19,2002-09-10,327,1223,3366
NFE,2015-11-10,2016-09-27,323,212,413
LFVN,1994-12-13,1995-10-26,318,290,2466
CTK,2011-11-17,2012-09-25,314,215,618
JHY,2011-11-17,2012-09-24,313,214,220
NEX,2011-11-17,2012-09-24,313,214,418
MGP,2011-11-17,2012-09-24,313,214,218
HUD,2011-11-17,2012-09-24,313,214,228
DTW,2011-11-17,2012-09-24,313,214,471
KOD,2011-11-17,2012-09-24,313,214,215
TBB,2011-11-17,2012-09-24,313,214,318
VMD,2011-11-18,2012-09-24,312,213,1247
ACB,2011-11-18,2012-09-24,312,213,1099
AIO,2011-11-18,2012-09-24,312,213,440
OSW,2011-11-18,2012-09-24,312,213,1283
DAO,2011-11-18,2012-09-24,312,213,427
CUBB,2011-11-18,2012-09-24,312,213,404
TBC,2011-11-18,2012-09-24,312,213,382
UZC,2011-11-17,2012-09-21,310,212,217
PAE,2017-03-21,2018-01-24,310,147,285
DNK,2011-11-17,2012-09-21,310,213,325
TXG,2011-11-18,2012-09-21,309,212,1026
PRT,2011-11-18,2012-09-21,309,212,282
DLY,2011-11-17,2012-09-20,309,212,218
NTR,2011-11-18,2012-09-21,309,212,213
GRAF,2000-12-19,2001-10-17,303,1223,3366
NVGS,2009-03-20,2010-01-07,294,203,1442
HEXO,2017-04-07,2018-01-24,293,58,163
AJXA,2012-09-24,2013-07-08,288,196,923
AMK,2012-09-25,2013-07-08,287,195,446
MWK,2012-09-25,2013-07-08,287,195,445
LBC,2005-05-23,2006-03-02,284,181,1956
STG,2011-11-18,2012-08-16,273,187,1342
OCCI,2017-09-21,2018-06-12,265,426,1236
ALACR,2012-04-02,2012-12-20,263,182,754
GMAB,2010-10-26,2011-07-15,263,241,1068
ATLO,2000-04-04,2000-12-19,260,181,973
KIQ,1996-12-13,1997-08-22,253,175,3475
LFVN,1995-11-22,1996-07-29,251,290,2466
VEL,2013-06-24,2014-02-27,249,172,616
OPRA,2016-09-23,2017-05-22,242,124,228
RCA,2013-06-25,2014-02-21,242,166,1039
JPT,2016-06-02,2017-01-26,239,127,203
LFVN,1998-07-10,1999-03-05,239,290,2466
SIEN,2013-01-18,2013-09-12,238,164,191
FBMS,2003-01-03,2003-08-28,238,165,1355
MXC,1994-05-06,1994-12-28,237,164,2419
OPRA,2015-09-14,2016-05-06,236,124,228
PCB,2016-05-03,2016-12-22,234,131,830
GRAF,2012-07-03,2013-02-21,234,1223,3366
OPBK,2012-03-20,2012-11-07,233,161,2090
NET,1999-04-30,1999-12-17,232,146,1342
AMUB,2016-04-08,2016-11-22,229,160,831
STOK,2018-10-26,2019-06-07,225,153,153
ETON,2017-01-18,2017-08-29,224,348,651
BCTF,2009-03-25,2009-11-02,223,155,3025
LFVN,1996-07-31,1997-03-07,220,290,2466
AXDX,1999-11-18,2000-06-23,219,151,223
GLG,2014-09-15,2015-04-21,219,151,339
RCP,2015-11-11,2016-06-15,218,363,1190
GGO,2014-08-29,2015-04-02,217,149,592
ALACR,2013-03-19,2013-10-16,212,182,754
OCCI,2014-02-03,2014-09-02,212,426,1236
ETON,2012-06-29,2013-01-24,210,348,651
KLR,2015-10-22,2016-05-16,208,560,1397
SG,2005-10-17,2006-05-10,206,144,1810
ICL,2002-05-30,2002-12-20,205,270,1731
SG,2013-04-03,2013-10-24,205,144,1810
KIQ,1999-04-29,1999-11-09,195,175,3475
AYTU,2008-11-07,2009-05-18,193,131,1696
CENT,1993-01-05,1993-07-14,191,133,145
SPFI,2007-09-07,2008-03-14,190,229,1793
BWFG,2010-07-27,2011-02-01,190,132,880
SPFI,2009-05-07,2009-11-12,190,229,1793
SOLN,2018-03-09,2018-09-12,188,130,464
TT,2013-10-30,2014-05-05,188,432,1781
PFBC,2003-07-02,2004-01-05,188,228,1314
TAK,2001-09-10,2002-03-15,187,24,329
WEI,2008-10-13,2009-04-16,186,1453,3275
CTK,2009-04-20,2009-10-22,186,215,618
SGOC,2010-06-16,2010-12-17,185,130,639
LBC,2002-11-06,2003-05-08,184,181,1956
OCCI,2012-03-28,2012-09-20,177,426,1236
SPFI,2018-11-13,2019-05-08,177,229,1793
NPA,2004-08-16,2005-02-07,176,122,1884
GRAF,2008-11-26,2009-05-20,176,1223,3366
VERB,2015-02-04,2015-07-27,174,120,244
BRQS,2019-09-23,2020-03-11,171,118,346
RMG,2005-06-15,2005-12-02,171,120,1003
NVGS,2008-09-16,2009-03-04,170,203,1442
OVBC,1994-11-11,1995-04-28,169,116,1847
YETI,2017-03-16,2017-08-31,169,94,128
ICL,2003-08-08,2004-01-23,169,270,1731
BE,2005-04-28,2005-10-12,168,117,2051
CLSK,2014-09-11,2015-02-25,168,238,1229
AYTU,2012-07-27,2013-01-09,167,131,1696
NVGS,2010-05-06,2010-10-19,167,203,1442
MSVB,2010-03-31,2010-09-13,167,115,3926
DIVC,2018-04-27,2018-10-10,167,116,762
GIX,2015-03-02,2015-08-14,166,117,2607
LFVN,1994-05-09,1994-10-20,165,290,2466
FBMS,2003-09-26,2004-03-08,165,165,1355
SPFI,2015-05-21,2015-10-27,160,229,1793
BE,2004-06-10,2004-11-16,160,117,2051
GRAF,2009-05-22,2009-10-27,159,1223,3366
ROAD,2014-08-04,2015-01-09,159,614,1154
CCBG,1995-08-25,1996-01-29,158,233,717
GLG,2013-03-08,2013-08-12,158,151,339
CNF,2016-11-25,2017-05-01,158,107,627
TXMD,2008-09-15,2009-02-17,156,107,883
MXC,1997-07-16,1997-12-17,155,164,2419
KIQ,1996-07-09,1996-12-10,155,175,3475
VFF,2017-08-22,2018-01-22,154,84,379
SPFI,2016-03-15,2016-08-15,154,229,1793
DTW,2014-12-03,2015-05-05,154,214,471
GRAF,2003-03-20,2003-08-20,154,1223,3366
PSN,2016-09-14,2017-02-14,154,106,612
ICON,1999-05-14,1999-10-13,153,106,139
KFS,2000-02-25,2000-07-26,153,106,730
FPAY,2010-09-16,2011-02-14,152,105,1055
VFF,2016-01-29,2016-06-28,152,84,379
SG,2011-12-12,2012-05-11,152,144,1810
ROSEU,2017-11-09,2018-04-09,152,102,665
CFB,2013-09-24,2014-02-21,151,104,814
PFBC,2000-07-19,2000-12-15,150,228,1314
BPMX,2014-04-10,2014-09-05,149,287,475
PTVCA,1994-07-06,1994-11-29,147,103,3782
REI,2009-05-14,2009-10-01,141,98,1160
KELYB,2018-02-08,2018-06-26,139,96,4631
ICL,2003-01-02,2003-05-20,139,270,1731
AYTU,2013-10-23,2014-03-10,139,131,1696
REI,2010-02-19,2010-07-06,138,98,1160
FINS,2015-11-09,2016-03-24,137,77,329
REI,2009-10-05,2010-02-17,136,98,1160
SPT,2017-09-18,2018-01-30,135,93,723
KLR,2017-02-22,2017-07-06,135,560,1397
TT,1998-06-17,1998-10-29,135,432,1781
BDCZ,2016-06-21,2016-11-01,134,94,712
LD,2018-09-11,2019-01-22,134,91,1282
WPM,2004-03-30,2004-08-10,134,92,996
PAYS,2009-05-07,2009-09-17,134,93,1140
SPFI,2018-04-18,2018-08-29,134,229,1793
MTC,2014-11-11,2015-03-23,133,90,1130
KELYB,2015-02-20,2015-07-02,133,96,4631
GRAF,2008-05-08,2008-09-17,133,1223,3366
MCF,1997-10-22,1998-03-02,132,90,1481
TXMD,2007-05-10,2007-09-17,131,107,883
MXC,1994-12-30,1995-05-09,131,164,2419
FIV,2015-06-09,2015-10-16,130,616,1064
SAF,2018-02-20,2018-06-29,130,90,560
MCF,1996-01-15,1996-05-21,128,90,1481
PFBC,2002-03-05,2002-07-10,128,228,1314
KELYB,1996-07-30,1996-12-03,127,96,4631
REI,2010-07-27,2010-11-30,127,98,1160
MXC,1998-07-20,1998-11-23,127,164,2419
MCBS,2018-09-14,2019-01-17,126,86,575
TU,1996-08-07,1996-12-09,125,87,918
RCA,2015-05-15,2015-09-16,125,166,1039
MXC,1997-03-12,1997-07-14,125,164,2419
WPM,2001-11-08,2002-03-12,125,92,996
CKX,2001-10-08,2002-02-08,124,86,1945
GLIBP,2017-08-28,2017-12-28,123,86,1141
ACB,2014-09-09,2015-01-09,123,213,1099
VMD,2006-07-18,2006-11-17,123,213,1247
VFF,2015-01-05,2015-05-06,122,84,379
FRHC,2017-10-04,2018-02-02,122,84,319
UCIB,2018-09-04,2019-01-02,121,83,819
MCF,1997-04-28,1997-08-25,120,90,1481
BE,2009-06-04,2009-10-01,120,117,2051
EMP,2018-04-12,2018-08-08,119,83,296
SRNE,2009-03-18,2009-07-14,119,82,1223
PLX,2004-11-11,2005-03-08,118,80,1679
NTES,2001-09-05,2001-12-31,118,78,79
AYTU,2014-09-25,2015-01-20,118,131,1696
SGOC,2012-05-18,2012-09-10,116,130,639
RCA,2013-02-25,2013-06-20,116,166,1039
PFBC,1999-08-20,1999-12-13,116,228,1314
GRAF,2012-03-07,2012-06-29,115,1223,3366
PLX,2004-05-24,2004-09-15,115,80,1679
NVGS,2007-05-30,2007-09-20,114,203,1442
LFVN,1999-06-22,1999-10-13,114,290,2466
MLPO,2016-11-22,2017-03-15,114,77,983
KIQ,2009-02-11,2009-06-04,114,175,3475
OCCI,2018-06-14,2018-10-04,113,426,1236
YUMA,1999-02-18,1999-06-10,113,319,2485
AIRI,2003-01-23,2003-05-15,113,79,1622
NIU,2006-07-07,2006-10-27,113,80,2245
PJT,2012-04-24,2012-08-13,112,78,2431
ALT,2012-04-18,2012-08-07,112,78,1032
MXC,1999-05-27,1999-09-15,112,164,2419
UBCP,1993-06-03,1993-09-21,111,77,1284
GMAB,2012-08-16,2012-12-04,111,241,1068
EVGN,2011-08-11,2011-11-29,111,77,725
AYTU,2011-10-20,2012-02-07,111,131,1696
UCIB,2018-01-18,2018-05-07,110,83,819
OCCI,2013-10-07,2014-01-23,109,426,1236
MCF,1996-06-24,1996-10-10,109,90,1481
KBLMU,2018-10-26,2019-02-11,109,72,494
GRAF,2000-04-12,2000-07-28,108,1223,3366
BE,2008-02-20,2008-06-06,108,117,2051
MLPB,2016-06-20,2016-10-04,107,75,863
HNRG,1998-11-18,1999-03-04,107,73,3290
RMG,2005-12-06,2006-03-22,107,120,1003
PLX,2004-02-03,2004-05-18,106,80,1679
TXMD,2009-02-27,2009-06-12,106,107,883
OCCI,2012-11-15,2013-02-28,106,426,1236
PCB,2012-12-04,2013-03-18,105,131,830
WKEY,2019-04-09,2019-07-22,105,72,276
PWOD,1994-06-03,1994-09-15,105,73,1405
CXDC,2008-04-17,2008-07-30,105,73,350
DTW,2015-09-16,2015-12-29,105,214,471
PLX,2002-06-06,2002-09-17,104,80,1679
HQI,2004-01-15,2004-04-27,104,71,698
HNRG,2003-02-10,2003-05-23,103,73,3290
CEMI,2003-01-17,2003-04-29,103,70,937
OPBK,2011-07-15,2011-10-24,102,161,2090
LFVN,2002-10-15,2003-01-24,102,290,2466
LBC,2004-04-20,2004-07-30,102,181,1956
GRAF,2000-09-05,2000-12-15,102,1223,3366
GIX,2015-12-29,2016-04-08,102,117,2607
CRH,1993-11-23,1994-03-04,102,71,838
OR,2015-11-10,2016-02-19,102,55,135
CEA,2007-05-23,2007-08-31,101,71,156
ALACR,2014-05-20,2014-08-28,101,182,754
DOOR,2011-05-11,2011-08-19,101,71,663
WPM,2002-05-02,2002-08-09,100,92,996
GHG,2012-02-27,2012-06-05,100,70,661
KIQ,2002-05-29,2002-09-05,100,175,3475
VEL,2013-03-13,2013-06-20,100,172,616
GIX,2017-03-14,2017-06-21,100,117,2607
MTC,2013-03-13,2013-06-20,100,90,1130
CFB,2013-03-13,2013-06-20,100,104,814
ARWR,1999-04-14,1999-07-22,100,70,2032
BWFG,2011-08-18,2011-11-25,100,132,880
PFBC,2002-11-21,2003-02-28,100,228,1314
SOLN,2017-07-06,2017-10-12,99,130,464
AYTU,2009-05-21,2009-08-27,99,131,1696
DTEA,2015-02-26,2015-06-04,99,69,169
LD,2018-05-31,2018-09-06,99,91,1282
HNRG,1997-08-05,1997-11-11,99,73,3290
BSRR,1994-08-30,1994-12-06,99,69,867
NAK,2001-08-01,2001-11-07,99,66,266
CTZ,2012-05-03,2012-08-08,98,68,2291
CEMI,2003-05-01,2003-08-05,97,70,937
GRAF,2011-11-17,2012-02-21,97,1223,3366
PJT,2011-12-01,2012-03-06,97,78,2431
MCF,1995-02-10,1995-05-16,96,90,1481
AUG,2014-04-03,2014-07-07,96,65,336
CLAR,1997-06-06,1997-09-09,96,4,19
OCCI,2017-06-15,2017-09-18,96,426,1236
CTAA,2015-06-09,2015-09-11,95,632,1063
BE,2008-06-10,2008-09-12,95,117,2051
CRH,1994-03-08,1994-06-10,95,71,838
CTAA,2015-02-24,2015-05-29,95,632,1063
ALACR,2016-01-12,2016-04-15,95,182,754
NWGI,2012-01-10,2012-04-12,94,65,1434
KLR,2017-09-27,2017-12-29,94,560,1397
OPBK,2009-08-31,2009-12-02,94,161,2090
KIQ,2004-07-14,2004-10-15,94,175,3475
AYTU,2011-07-05,2011-10-05,93,131,1696
UCIB,2017-08-01,2017-11-01,93,83,819
SOLN,2017-12-05,2018-03-07,93,130,464
YUMA,1995-12-07,1996-03-08,93,319,2485
CXDC,2007-12-12,2008-03-13,93,73,350
VFF,2016-11-10,2017-02-10,93,84,379
PFBC,2001-09-26,2001-12-26,92,228,1314
VTNR,2002-04-25,2002-07-25,92,64,1075
RDIB,2018-02-02,2018-05-04,92,64,1468
UIHC,2011-07-01,2011-09-30,92,64,884
ALT,2016-03-29,2016-06-28,92,78,1032
DNK,2015-03-06,2015-06-05,92,213,325
MXC,1999-01-04,1999-04-05,92,164,2419
CC,2015-03-06,2015-06-05,92,24,24
MXC,1996-02-07,1996-05-08,92,164,2419
REI,2011-08-16,2011-11-15,92,98,1160
SWP,1993-06-02,1993-08-31,91,64,833
COE,2007-09-11,2007-12-10,91,64,1318
ARWR,1998-07-01,1998-09-29,91,70,2032
SOLN,2018-09-14,2018-12-13,91,130,464
MLPB,2018-04-12,2018-07-11,91,75,863
HMI,2002-03-08,2002-06-06,91,556,926
BLD,2015-03-06,2015-06-03,90,62,1016
DOMO,2012-10-03,2012-12-31,90,462,522
COE,2013-06-27,2013-09-24,90,64,1318
EBMT,2008-11-21,2009-02-18,90,59,1786
AYTU,2013-07-24,2013-10-21,90,131,1696
PGM,2018-01-22,2018-04-20,89,63,473
TU,1999-01-29,1999-04-26,88,87,918
REI,2008-11-11,2009-02-06,88,98,1160
SRNE,2008-12-19,2009-03-16,88,82,1223
CCB,2010-05-17,2010-08-12,88,253,1818
GHG,2013-07-12,2013-10-07,88,70,661
BCTF,2007-10-02,2007-12-28,88,155,3025
KBLMU,2019-07-30,2019-10-25,88,72,494
CNF,2016-05-18,2016-08-12,87,107,627
MCF,1999-10-12,2000-01-06,87,90,1481
EVGN,2011-03-02,2011-05-27,87,77,725
CFB,2013-06-25,2013-09-19,87,104,814
JG,2014-02-26,2014-05-23,87,62,1061
BSRR,1994-04-20,1994-07-15,87,69,867
CTK,2008-12-10,2009-03-06,87,215,618
CTXR,2015-07-20,2015-10-14,87,62,329
DUO,2012-07-03,2012-09-26,86,340,408
CPHI,2003-01-09,2003-04-04,86,60,809
DMAC,2016-08-18,2016-11-11,86,61,941
COE,2015-05-19,2015-08-12,86,64,1318
BCDA,2006-02-21,2006-05-17,86,61,1991
BE,2003-04-10,2003-07-03,85,117,2051
VFF,2016-08-16,2016-11-08,85,84,379
SRNE,2011-08-17,2011-11-09,85,82,1223
UCIB,2016-05-09,2016-08-01,85,83,819
LONE,2011-08-11,2011-11-03,85,60,1126
CLRO,2003-01-23,2003-04-17,85,60,102
NSA,2009-12-22,2010-03-16,85,252,295
BE,2008-10-16,2009-01-08,85,117,2051
RDIB,2017-04-10,2017-07-03,85,64,1468
MCF,1997-01-03,1997-03-27,84,90,1481
DIVC,2017-09-21,2017-12-13,84,116,762
YUMA,1994-07-28,1994-10-19,84,319,2485
OCCI,2016-11-09,2017-01-31,84,426,1236
PLX,2001-12-18,2002-03-11,84,80,1679
COFS,2002-04-18,2002-07-10,84,58,2372
CTXR,2015-04-24,2015-07-16,84,62,329
PLX,2002-03-13,2002-06-04,84,80,1679
CPHI,2004-08-27,2004-11-18,84,60,809
FGBI,2014-03-13,2014-06-03,83,57,699
JJE,2018-02-14,2018-05-07,83,57,624
PFHD,2017-03-16,2017-06-06,83,57,537
AYTU,2010-03-17,2010-06-07,83,131,1696
CNF,2016-02-03,2016-04-25,83,107,627
AYTU,2010-08-06,2010-10-27,83,131,1696
UBX,2010-08-27,2010-11-17,83,1036,2041
NWGI,2012-07-19,2012-10-09,83,65,1434
AMCR,2016-12-15,2017-03-06,82,54,1345
MTC,2014-04-03,2014-06-23,82,90,1130
CFB,2015-03-16,2015-06-05,82,104,814
DGICB,2015-07-09,2015-09-28,82,57,2239
KELYB,1995-08-18,1995-11-07,82,96,4631
ORGS,2011-11-18,2012-02-07,82,54,277
RCA,2017-04-21,2017-07-11,82,166,1039
BIMI,2007-01-08,2007-03-29,81,57,458
DTW,2014-07-15,2014-10-03,81,214,471
BE,2005-02-04,2005-04-25,81,117,2051
MLPO,2017-09-25,2017-12-14,81,77,983
DOOR,2011-08-23,2011-11-11,81,71,663
TBB,2010-08-18,2010-11-05,80,214,318
GRAF,2010-08-10,2010-10-28,80,1223,3366
NVGS,2011-05-03,2011-07-21,80,203,1442
OPBK,2013-02-05,2013-04-25,80,161,2090
FSBC,2011-01-10,2011-03-30,80,56,1958
LMNR,2004-05-06,2004-07-23,79,54,781
FSBC,2012-06-20,2012-09-06,79,56,1958
CNF,2017-11-07,2018-01-24,79,107,627
MAYS,1996-12-31,1997-03-19,79,55,4187
OR,2015-07-07,2015-09-23,79,55,135
SPFI,2015-11-04,2016-01-21,79,229,1793
APHA,2015-05-12,2015-07-29,79,55,159
PFHD,2019-05-02,2019-07-19,79,57,537
BLD,2007-07-10,2007-09-26,79,62,1016
MSVB,2012-07-16,2012-10-02,79,115,3926
XELB,2014-04-23,2014-07-09,78,54,564
EIC,2009-05-20,2009-08-05,78,54,370
MSVB,2005-06-22,2005-09-07,78,115,3926
HNRG,1998-03-26,1998-06-11,78,73,3290
CAI,2005-08-29,2005-11-14,78,55,189
APHA,2015-07-31,2015-10-16,78,55,159
LFVN,2002-07-05,2002-09-20,78,290,2466
NMRD,2016-08-02,2016-10-18,78,55,325
MEC,2012-06-07,2012-08-23,78,55,863
AUG,2014-07-10,2014-09-25,78,65,336
KIQ,2009-11-10,2010-01-25,77,175,3475
BE,2003-08-29,2003-11-13,77,117,2051
GNL,2013-08-06,2013-10-21,77,54,1097
MXC,1996-12-18,1997-03-04,77,164,2419
TZACU,2020-01-07,2020-03-23,77,53,209
KTB,2015-12-16,2016-03-01,77,51,85
OPBK,2009-03-05,2009-05-20,77,161,2090
CAPR,2007-05-09,2007-07-24,77,53,355
GIX,2014-12-12,2015-02-25,76,117,2607
NTB,2013-05-08,2013-07-22,76,52,56
GPRK,2012-08-22,2012-11-05,76,51,697
AUBN,1995-10-27,1996-01-10,76,51,1533
BE,2002-06-26,2002-09-09,76,117,2051
KIQ,2001-08-23,2001-11-06,76,175,3475
ICL,2003-05-22,2003-08-05,76,270,1731
MSVB,2011-09-01,2011-11-15,76,115,3926
ZIOP,2005-08-25,2005-11-08,76,53,83
DMAC,2015-05-15,2015-07-29,76,61,941
YUMA,1996-07-10,1996-09-23,76,319,2485
TGLS,2012-06-18,2012-08-31,75,54,290
ATNM,2012-12-31,2013-03-15,75,52,92
NMRD,2015-03-23,2015-06-05,75,55,325
TRT,1994-07-01,1994-09-13,75,278,1268
PLX,2005-05-19,2005-08-01,75,80,1679
PFBC,2001-06-18,2001-08-31,75,228,1314
FGBI,2013-12-27,2014-03-11,75,57,699
NWGI,2012-05-04,2012-07-17,75,65,1434
STG,2008-12-16,2009-02-27,74,187,1342
NWGI,2012-12-24,2013-03-07,74,65,1434
CLSK,2015-02-27,2015-05-11,74,238,1229
CIGI,1995-09-25,1995-12-07,74,53,362
WPM,2003-04-08,2003-06-20,74,92,996
SRNE,2011-04-12,2011-06-24,74,82,1223
AMUB,2018-03-12,2018-05-24,74,160,831
DSS,1994-08-30,1994-11-11,74,53,780
JG,2016-07-05,2016-09-16,74,62,1061
MLPE,2017-07-24,2017-10-04,73,52,654
CKX,2002-02-19,2002-05-02,73,86,1945
PCB,2014-08-11,2014-10-22,73,131,830
COE,2015-01-12,2015-03-24,72,64,1318
CAE,1996-04-03,1996-06-13,72,50,1194
GRAF,2002-10-02,2002-12-12,72,1223,3366
HNRG,1999-05-12,1999-07-22,72,73,3290
IMV,2013-01-24,2013-04-05,72,50,1241
REI,2011-05-23,2011-08-02,72,98,1160
LBC,2003-10-28,2004-01-07,72,181,1956
PWOD,1994-09-19,1994-11-29,72,73,1405
PTVCA,2000-08-30,2000-11-09,72,103,3782
PLX,2002-12-12,2003-02-21,72,80,1679
LIVX,2017-08-21,2017-10-31,72,51,81
AC,2014-11-04,2015-01-14,72,49,108
GMAB,2010-07-08,2010-09-17,72,241,1068
AMCR,2015-05-11,2015-07-21,72,54,1345
MSVB,2012-10-04,2012-12-14,72,115,3926
BCTF,2007-07-19,2007-09-28,72,155,3025
TXMD,2008-06-30,2008-09-09,72,107,883
BE,2009-01-12,2009-03-23,71,117,2051
CODA,2002-07-30,2002-10-08,71,12,296
PJT,2001-08-27,2001-11-05,71,78,2431
EVGN,2012-05-18,2012-07-27,71,77,725
MLPE,2018-08-14,2018-10-23,71,52,654
EXPI,2013-11-20,2014-01-29,71,47,151
ARWR,2001-10-04,2001-12-13,71,70,2032
KIQ,2005-04-26,2005-07-05,71,175,3475
EEH,2012-12-07,2013-02-15,71,48,1717
BIMI,2007-07-27,2007-10-05,71,57,458
AGM,1995-03-01,1995-05-10,71,50,538
BE,2004-03-30,2004-06-08,71,117,2051
CKX,2001-05-24,2001-08-02,71,86,1945
DGICB,2014-10-06,2014-12-15,71,57,2239
GLIBP,2017-02-10,2017-04-21,71,86,1141
TU,1997-02-14,1997-04-25,71,87,918
DOOR,2010-10-01,2010-12-10,71,71,663
ANVS,2019-02-01,2019-04-11,70,331,360
LNG,1994-06-03,1994-08-11,70,49,560
SBE,2015-05-20,2015-07-28,70,327,540
IMV,2012-11-14,2013-01-22,70,50,1241
AEMD,1999-03-10,1999-05-18,70,49,802
WPM,2001-07-26,2001-10-03,70,92,996
SIEB,1995-07-26,1995-10-03,70,49,1518
MSVB,2011-01-27,2011-04-06,70,115,3926
BE,2009-03-25,2009-06-02,70,117,2051
AMCR,2012-06-08,2012-08-16,70,54,1345
MXC,1999-10-19,1999-12-27,70,164,2419
DSS,1995-01-26,1995-04-05,70,53,780
CCB,2011-06-16,2011-08-24,70,253,1818
MTC,2017-03-01,2017-05-09,70,90,1130
NWGI,2012-10-12,2012-12-20,70,65,1434
FSBC,2009-03-06,2009-05-14,70,56,1958
FSBC,2011-08-04,2011-10-11,69,56,1958
HNRG,2002-07-19,2002-09-25,69,73,3290
KLR,2016-12-01,2017-02-07,69,560,1397
MCBS,2019-04-26,2019-07-03,69,86,575
CTXR,2016-02-10,2016-04-18,69,62,329
OCCI,2013-06-06,2013-08-13,69,426,1236
LD,2016-05-04,2016-07-11,69,91,1282
ABEV,2005-04-01,2005-06-08,69,48,1519
FPAY,2010-04-16,2010-06-23,69,105,1055
OCCI,2017-04-06,2017-06-13,69,426,1236
MCF,1994-05-12,1994-07-18,68,90,1481
GSX,2015-10-30,2016-01-05,68,45,430
FPAY,2012-06-21,2012-08-27,68,105,1055
ORGO,2018-11-01,2019-01-07,68,44,189
SUZ,2009-03-02,2009-05-08,68,49,1255
LSXMB,2017-10-23,2017-12-29,68,48,629
HNRG,2003-06-12,2003-08-18,68,73,3290
FDBC,2002-03-07,2002-05-13,68,47,2353
DWSN,1996-02-09,1996-04-15,67,45,1504
AMEH,2009-04-14,2009-06-19,67,48,1032
BCLI,2004-03-15,2004-05-20,67,48,217
PAVMW,2019-01-29,2019-04-05,67,48,549
MAXR,2009-05-05,2009-07-10,67,47,1359
HNRG,1995-07-18,1995-09-22,67,73,3290
MSVB,2012-01-27,2012-04-02,67,115,3926
ARWR,2000-03-28,2000-06-02,67,70,2032
AYTU,2009-09-08,2009-11-13,67,131,1696
OSW,2013-10-04,2013-12-09,67,213,1283
KIQ,2001-02-27,2001-05-04,67,175,3475
MSVB,2008-06-18,2008-08-22,66,115,3926
LD,2017-04-17,2017-06-21,66,91,1282
BCTF,2011-01-12,2011-03-18,66,155,3025
GHG,2013-02-13,2013-04-19,66,70,661
CLSK,2018-07-10,2018-09-13,66,238,1229
KLR,2008-07-30,2008-10-03,66,560,1397
SAF,2014-01-07,2014-03-13,66,90,560
MLPB,2016-12-05,2017-02-08,66,75,863
AUG,2015-04-13,2015-06-17,66,65,336
HNRG,2001-05-23,2001-07-27,66,73,3290
TXMD,2008-03-03,2008-05-07,66,107,883
NMRD,2015-12-28,2016-03-01,65,55,325
TMSR,2017-06-27,2017-08-30,65,46,531
LFVN,2003-05-19,2003-07-22,65,290,2466
MSVB,2001-01-02,2001-03-07,65,115,3926
HNRG,2004-01-12,2004-03-16,65,73,3290
HNRG,2003-08-21,2003-10-24,65,73,3290
FSBC,2010-07-28,2010-09-30,65,56,1958
KELYB,2001-06-07,2001-08-10,65,96,4631
WPM,2002-08-13,2002-10-16,65,92,996
PJT,2006-04-12,2006-06-15,65,78,2431
VMD,2012-09-26,2012-11-29,65,213,1247
OPBK,2008-11-24,2009-01-27,65,161,2090
UCIB,2016-10-03,2016-12-06,65,83,819
EVGN,2013-03-05,2013-05-08,65,77,725
NVGS,2008-07-10,2008-09-12,65,203,1442
BRBS,2014-05-05,2014-07-08,65,45,1302
VNRX,2012-08-15,2012-10-17,64,45,246
HNRG,1998-06-25,1998-08-27,64,73,3290
SPFI,2017-04-12,2017-06-14,64,229,1793
GIX,2017-10-03,2017-12-05,64,117,2607
NVGS,2011-09-20,2011-11-22,64,203,1442
OPBK,2009-05-26,2009-07-28,64,161,2090
WVVIP,2016-09-23,2016-11-25,64,45,358
MLPO,2016-09-16,2016-11-18,64,77,983
CXDC,2008-10-29,2008-12-31,64,73,350
AYTU,2011-01-05,2011-03-09,64,131,1696
AVCO,2017-05-24,2017-07-26,64,31,174
AYTU,2015-06-12,2015-08-14,64,131,1696
AYTU,2014-06-10,2014-08-12,64,131,1696
DSS,1994-06-24,1994-08-26,64,53,780
CIVB,1995-07-10,1995-09-11,64,45,1212
BE,2006-10-16,2006-12-18,64,117,2051
BCTF,2011-08-15,2011-10-17,64,155,3025
VBFC,2000-06-06,2000-08-08,64,45,2026
CNF,2016-09-19,2016-11-21,64,107,627
FPAY,2012-10-18,2012-12-20,64,105,1055
CLSK,2015-10-14,2015-12-16,64,238,1229
TU,1998-01-27,1998-03-30,63,87,918
WEI,2011-12-30,2012-03-01,63,1453,3275
KIQ,2007-05-11,2007-07-12,63,175,3475
NAK,2001-11-09,2002-01-10,63,66,266
NWGI,2013-08-01,2013-10-02,63,65,1434
EVGN,2011-06-01,2011-08-02,63,77,725
ROAD,2013-07-05,2013-09-05,63,614,1154
AEMD,1999-06-09,1999-08-10,63,49,802
LFVN,2001-09-28,2001-11-29,63,290,2466
CTZ,2012-12-07,2013-02-07,63,68,2291
GWB,2010-12-30,2011-03-02,63,247,1415
GIX,2012-08-10,2012-10-11,63,117,2607
VFF,2014-10-30,2014-12-31,63,84,379
NIU,1999-07-02,1999-09-02,63,80,2245
BLD,2014-06-03,2014-08-04,63,62,1016
CPHI,2004-04-23,2004-06-24,63,60,809
PBHC,2014-01-31,2014-04-03,63,44,2267
MSVB,2006-12-21,2007-02-20,62,115,3926
MXC,2001-03-22,2001-05-22,62,164,2419
NWGI,2006-06-22,2006-08-22,62,65,1434
TXMD,2007-12-13,2008-02-12,62,107,883
IMV,2013-05-24,2013-07-24,62,50,1241
RCA,2015-02-25,2015-04-27,62,166,1039
IFS,2013-04-03,2013-06-03,62,43,525
CLSK,2017-08-02,2017-10-02,62,238,1229
FSBC,2013-09-13,2013-11-13,62,56,1958
MLPB,2016-04-07,2016-06-07,62,75,863
JJE,2018-07-11,2018-09-10,62,57,624
MSVB,2010-11-19,2011-01-19,62,115,3926
MSVB,2010-01-08,2010-03-10,62,115,3926
LFVN,2000-04-26,2000-06-26,62,290,2466
VMD,2004-07-01,2004-08-31,62,213,1247
BRBS,2013-09-18,2013-11-18,62,45,1302
LNG,1995-08-11,1995-10-11,62,49,560
CIH,2000-09-21,2000-11-21,62,44,192
SPFI,2016-12-28,2017-02-27,62,229,1793
MOMO,2011-01-03,2011-03-04,61,43,1142
ARWR,2000-07-20,2000-09-18,61,70,2032
HNRG,2004-08-20,2004-10-19,61,73,3290
MXC,1995-05-11,1995-07-10,61,164,2419
CO,2009-03-30,2009-05-29,61,43,391
EEH,2018-06-14,2018-08-13,61,48,1717
LBTYB,2016-02-11,2016-04-11,61,41,1790
PCB,2012-05-17,2012-07-16,61,131,830
IFS,2013-06-06,2013-08-05,61,43,525
VFF,2015-10-19,2015-12-18,61,84,379
MAYS,1996-05-24,1996-07-23,61,55,4187
CMCTP,2019-04-22,2019-06-21,61,44,287
MTC,2017-05-12,2017-07-11,61,90,1130
MSVB,2012-12-31,2013-02-28,60,115,3926
WPM,2003-07-11,2003-09-08,60,92,996
NEXT,2015-10-16,2015-12-14,60,41,334
RMG,2006-03-27,2006-05-25,60,120,1003
BSRR,1995-02-28,1995-04-28,60,69,867
SRNE,2008-03-11,2008-05-09,60,82,1223
KIQ,2006-06-02,2006-07-31,60,175,3475
HQI,2005-04-12,2005-06-10,60,71,698
CEMI,2002-02-15,2002-04-15,60,70,937
MSVB,2003-06-02,2003-07-31,60,115,3926
CIVB,1996-01-29,1996-03-28,60,45,1212
BSRR,1995-10-10,1995-12-07,59,69,867
DTSS,2017-11-29,2018-01-26,59,40,116
PTVCA,2001-05-16,2001-07-13,59,103,3782
HNRG,1997-04-14,1997-06-11,59,73,3290
RDIB,2014-08-19,2014-10-16,59,64,1468
CCB,2013-07-10,2013-09-06,59,253,1818
SRNE,2008-10-20,2008-12-17,59,82,1223
CAE,1996-01-17,1996-03-15,59,50,1194
PAYS,2009-02-02,2009-04-01,59,93,1140
FSBC,2009-05-18,2009-07-15,59,56,1958
BRBS,2015-02-02,2015-04-01,59,45,1302
MCF,1999-06-21,1999-08-18,59,90,1481
WWR,2002-08-06,2002-10-03,59,42,493
AGM,1994-06-22,1994-08-19,59,50,538
HNRG,2000-09-20,2000-11-17,59,73,3290
CEMI,2002-10-16,2002-12-12,58,70,937
NET,2015-03-24,2015-05-20,58,146,1342
PTVCA,1994-03-02,1994-04-28,58,103,3782
CAMP,2001-04-10,2001-06-06,58,40,47
PLX,2003-09-25,2003-11-21,58,80,1679
EBMT,2007-11-13,2008-01-09,58,59,1786
CLSK,2017-12-18,2018-02-13,58,238,1229
HNRG,1999-10-12,1999-12-08,58,73,3290
LONE,2010-06-23,2010-08-19,58,60,1126
OCCI,2017-02-06,2017-04-04,58,426,1236
GLIBP,2018-01-02,2018-02-28,58,86,1141
CKX,2000-04-13,2000-06-09,58,86,1945
LNG,1995-04-26,1995-06-22,58,49,560
OPBK,2008-09-18,2008-11-14,58,161,2090
EVGN,2013-08-01,2013-09-27,58,77,725
AGM,1994-04-04,1994-05-31,58,50,538
ITP,2007-10-18,2007-12-14,58,41,205
LTRPB,2018-02-27,2018-04-24,57,40,997
RCA,2017-10-20,2017-12-15,57,166,1039
FPAY,2011-04-06,2011-06-01,57,105,1055
CPHI,2005-05-26,2005-07-21,57,60,809
GIX,2001-11-02,2001-12-28,57,117,2607
FSI,1999-12-16,2000-02-10,57,39,304
PLX,2003-02-25,2003-04-22,57,80,1679
PWOD,1996-01-25,1996-03-21,57,73,1405
TH,2009-11-16,2010-01-11,57,38,508
KBLMU,2020-01-27,2020-03-23,57,72,494
CO,2009-09-16,2009-11-11,57,43,391
RCA,2016-09-12,2016-11-07,57,166,1039
CAE,1997-02-26,1997-04-23,57,50,1194
GSX,2015-01-05,2015-03-02,57,45,430
PJT,2012-09-24,2012-11-19,57,78,2431
BCTF,2008-05-19,2008-07-14,57,155,3025
MCF,1998-07-16,1998-09-10,57,90,1481
GRAF,2009-10-29,2009-12-24,57,1223,3366
MARA,2012-09-12,2012-11-07,57,39,170
NMRD,2015-09-30,2015-11-25,57,55,325
OPBK,2012-01-20,2012-03-16,57,161,2090
OPBK,2012-12-07,2013-02-01,57,161,2090
KIQ,2001-06-14,2001-08-09,57,175,3475
PME,2013-04-11,2013-06-06,57,40,330
TROV,2004-08-12,2004-10-07,57,40,821
OR,2015-01-27,2015-03-24,57,55,135
PIC,2015-04-27,2015-06-22,57,32,232
CBH,2016-09-30,2016-11-25,57,40,590
TCFC,2008-03-12,2008-05-07,57,40,1507
PLX,2005-10-10,2005-12-05,57,80,1679
MESA,2018-04-09,2018-06-04,57,7,7
GWB,2010-06-28,2010-08-23,57,247,1415
MLPB,2016-10-06,2016-12-01,57,75,863
WKEY,2019-09-05,2019-10-31,57,72,276
PTI,2015-03-25,2015-05-20,57,40,94
IMV,2010-04-01,2010-05-27,57,50,1241
BCTF,2010-07-28,2010-09-22,57,155,3025
KFS,1998-06-12,1998-08-07,57,106,730
KFS,1998-10-07,1998-12-02,57,106,730
BCTF,2012-04-19,2012-06-14,57,155,3025
SRNE,2009-12-07,2010-02-01,57,82,1223
BCDA,2012-04-13,2012-06-08,57,61,1991
AMRH,2016-10-20,2016-12-15,57,40,440
ARWR,1997-09-12,1997-11-07,57,70,2032
KIQ,2005-02-22,2005-04-18,56,175,3475
GSX,2016-01-07,2016-03-02,56,45,430
MOMO,2011-04-20,2011-06-14,56,43,1142
RUBY,2011-11-18,2012-01-12,56,36,522
HMG,2008-03-14,2008-05-08,56,39,3152
HQI,2003-11-18,2004-01-12,56,71,698
GLIBP,2013-08-08,2013-10-02,56,86,1141
CCBG,1994-07-27,1994-09-20,56,233,717
PTVCA,1997-09-26,1997-11-20,56,103,3782
MLPO,2016-07-13,2016-09-06,56,77,983
PLX,2003-06-13,2003-08-07,56,80,1679
ARWR,2003-07-17,2003-09-10,56,70,2032
FIV,2009-07-30,2009-09-23,56,616,1064
KELYB,2005-11-17,2006-01-11,56,96,4631
RDIB,2018-12-14,2019-02-07,56,64,1468
ALACR,2013-01-08,2013-03-04,56,182,754
ARWR,2003-02-14,2003-04-10,56,70,2032
CPHI,2002-10-11,2002-12-05,56,60,809
CPHI,2003-06-06,2003-07-31,56,60,809
GBR,2002-08-01,2002-09-25,56,39,1204
HNRG,2001-09-20,2001-11-14,56,73,3290
OTTW,2013-06-19,2013-08-13,56,39,1706
MSVB,2002-07-26,2002-09-19,56,115,3926
BSRR,1994-12-08,1995-02-01,56,69,867
CIVB,1996-09-19,1996-11-13,56,45,1212
LD,2016-07-13,2016-09-06,56,91,1282
GMAB,2010-01-13,2010-03-09,56,241,1068
PFBC,2000-03-21,2000-05-15,56,228,1314
COFS,2003-09-23,2003-11-17,56,58,2372
PTE,2002-04-18,2002-06-12,56,39,605
FGBI,2013-08-16,2013-10-10,56,57,699
REI,2007-12-07,2008-01-30,55,98,1160
NEW,2009-05-21,2009-07-14,55,37,1104
MLPB,2018-07-20,2018-09-12,55,75,863
SPFI,2018-01-03,2018-02-26,55,229,1793
ATLO,2001-10-03,2001-11-26,55,181,973
NBN,1995-08-25,1995-10-18,55,38,1484
GPRK,2013-06-20,2013-08-13,55,51,697
BE,2007-01-24,2007-03-19,55,117,2051
MAYS,1993-01-27,1993-03-22,55,55,4187
BE,2001-04-18,2001-06-11,55,117,2051
PEBK,1997-01-22,1997-03-17,55,38,1334
MESO,2010-02-05,2010-03-31,55,38,373
MXC,2000-12-20,2001-02-12,55,164,2419
LNG,1994-10-27,1994-12-20,55,49,560
GIX,2015-08-20,2015-10-13,55,117,2607
MLPE,2018-05-10,2018-07-03,55,52,654
PECK,2018-05-31,2018-07-24,55,38,339
BRBS,2015-04-06,2015-05-29,54,45,1302
IFS,2013-08-08,2013-09-30,54,43,525
OTTW,2011-05-06,2011-06-28,54,39,1706
DIVC,2019-10-28,2019-12-20,54,116,762
MCF,1998-05-14,1998-07-06,54,90,1481
ROSEU,2017-06-23,2017-08-15,54,102,665
PTVCA,1995-10-30,1995-12-22,54,103,3782
EVGN,2010-10-18,2010-12-10,54,77,725
BHAT,2016-07-29,2016-09-20,54,234,1339
GLIBP,2013-12-27,2014-02-18,54,86,1141
KFS,2000-10-02,2000-11-24,54,106,730
HMI,2002-10-11,2002-12-03,54,556,926
CKX,2002-06-17,2002-08-09,54,86,1945
PFBC,2004-01-08,2004-03-01,54,228,1314
GHG,2011-11-17,2012-01-09,54,70,661
KELYB,1998-06-15,1998-08-07,54,96,4631
MLPO,2015-10-22,2015-12-14,54,77,983
MXC,1996-06-13,1996-08-05,54,164,2419
PFBC,2000-01-24,2000-03-17,54,228,1314
TU,1996-06-14,1996-08-05,53,87,918
REI,2008-02-01,2008-03-24,53,98,1160
RDIB,2017-09-12,2017-11-03,53,64,1468
BE,2003-11-21,2004-01-12,53,117,2051
AGBA,2019-12-20,2020-02-10,53,34,134
YUMA,1997-07-08,1997-08-29,53,319,2485
LMNR,2004-01-23,2004-03-15,53,54,781
WKEY,2019-11-04,2019-12-26,53,72,276
MSVB,2006-05-23,2006-07-14,53,115,3926
LFVN,2003-09-08,2003-10-30,53,290,2466
MSVB,2007-11-06,2007-12-28,53,115,3926
MDIA,2016-05-06,2016-06-27,53,18,92
RIVE,2009-09-08,2009-10-30,53,39,1106
LD,2017-07-18,2017-09-08,53,91,1282
NSEC,1996-10-28,1996-12-19,53,38,2574
TXMD,2007-09-21,2007-11-12,53,107,883
ARTNA,1995-03-27,1995-05-18,53,38,447
AGX,1995-08-21,1995-10-12,53,38,1288
OSW,2013-12-17,2014-02-07,53,213,1283
MAYS,1996-09-30,1996-11-21,53,55,4187
ESTE,1999-09-03,1999-10-25,53,36,1208
GRAF,2010-05-03,2010-06-23,52,1223,3366
MLPO,2018-06-20,2018-08-10,52,77,983
CLSK,2016-02-02,2016-03-24,52,238,1229
PTVCA,2001-09-25,2001-11-15,52,103,3782
LOACU,2020-01-15,2020-03-06,52,36,238
YUMA,1998-06-22,1998-08-12,52,319,2485
REI,2007-08-15,2007-10-05,52,98,1160
AMCR,2016-10-18,2016-12-08,52,54,1345
SG,2017-08-01,2017-09-21,52,144,1810
ARWR,2001-01-03,2001-02-23,52,70,2032
AMUB,2017-04-19,2017-06-09,52,160,831
CVLY,1994-06-21,1994-08-11,52,37,1567
HNRG,1995-05-24,1995-07-14,52,73,3290
GIX,2015-11-03,2015-12-24,52,117,2607
KIQ,2007-08-08,2007-09-28,52,175,3475
BCLI,2003-12-22,2004-02-10,51,48,217
RDIB,2015-11-25,2016-01-14,51,64,1468
FSBC,2010-02-04,2010-03-26,51,56,1958
HNRG,1998-02-02,1998-03-24,51,73,3290
PTVCA,1993-07-22,1993-09-10,51,103,3782
MEC,2012-02-06,2012-03-27,51,55,863
CLSK,2017-05-25,2017-07-14,51,238,1229
LFVN,1997-03-11,1997-04-30,51,290,2466
KBSF,2014-12-29,2015-02-17,51,34,437
OR,2015-04-16,2015-06-05,51,55,135
PCB,2014-06-11,2014-07-31,51,131,830
BCTF,2010-05-20,2010-07-09,51,155,3025
STG,2009-05-18,2009-07-07,51,187,1342
GIX,2014-07-08,2014-08-27,51,117,2607
AYTU,2011-05-11,2011-06-30,51,131,1696
LBTYB,2011-09-21,2011-11-10,51,41,1790
MTC,2016-06-16,2016-08-05,51,90,1130
HMI,2014-02-11,2014-04-02,51,556,926
DIVC,2017-07-31,2017-09-19,51,116,762
BWFG,2011-04-21,2011-06-10,51,132,880
RCA,2012-05-31,2012-07-20,51,166,1039
NWGI,2013-04-29,2013-06-18,51,65,1434
SPFI,2008-03-25,2008-05-14,51,229,1793
PJT,2013-08-19,2013-10-08,51,78,2431
PFIE,2010-07-26,2010-09-14,51,36,252
PJT,2013-12-17,2014-02-05,51,78,2431
EBMT,2009-06-10,2009-07-30,51,59,1786
PRPL,2016-05-26,2016-07-15,51,35,284
EVI,1997-05-29,1997-07-18,51,36,1402
MSVB,2001-11-06,2001-12-26,51,115,3926
SPFI,2016-08-17,2016-10-06,51,229,1793
UBX,2004-05-03,2004-06-21,50,1036,2041
BDCZ,2016-11-04,2016-12-23,50,94,712
TRT,1995-07-03,1995-08-21,50,278,1268
PAVMW,2018-09-05,2018-10-24,50,48,549
NPA,2016-04-26,2016-06-14,50,122,1884
MLPO,2016-05-20,2016-07-08,50,77,983
LNG,1995-02-08,1995-03-29,50,49,560
MOMO,2012-07-05,2012-08-23,50,43,1142
CAE,1998-01-05,1998-02-23,50,50,1194
AYTU,2015-08-18,2015-10-06,50,131,1696
GSX,2014-05-28,2014-07-16,50,45,430
BCTF,2008-07-21,2008-09-08,50,155,3025
OPBK,2011-05-20,2011-07-08,50,161,2090
ALRS,2004-04-29,2004-06-17,50,34,2072
ABEV,2003-02-27,2003-04-17,50,48,1519
LTRPB,2018-09-12,2018-10-31,50,40,997
RVSB,1994-03-04,1994-04-22,50,35,730
PTVCA,1993-06-01,1993-07-20,50,103,3782
FCAU,2010-06-18,2010-08-06,50,35,493
HNRG,1994-04-19,1994-06-07,50,73,3290
PLX,2002-10-22,2002-12-10,50,80,1679
PFHD,2017-09-14,2017-11-02,50,57,537
FDBC,2002-10-14,2002-12-02,50,47,2353
KLR,2008-11-21,2009-01-09,50,560,1397
FPAY,2012-05-01,2012-06-19,50,105,1055
FPAY,2012-02-16,2012-04-05,50,105,1055
NEW,2005-05-23,2005-07-11,50,37,1104
SG,2015-07-17,2015-09-04,50,144,1810
PSN,2013-11-25,2014-01-13,50,106,612
KLR,2009-01-21,2009-03-11,50,560,1397
FSBC,2012-10-26,2012-12-14,50,56,1958
ARWR,1998-04-28,1998-06-16,50,70,2032
VBFC,2000-08-14,2000-10-02,50,45,2026
NMRD,2016-12-28,2017-02-15,50,55,325
BCTF,2013-05-14,2013-07-02,50,155,3025
LFACU,2019-12-26,2020-02-13,50,34,219
MCF,1995-06-29,1995-08-17,50,90,1481
NIU,1999-05-12,1999-06-30,50,80,2245
YUMA,1995-03-24,1995-05-12,50,319,2485
HNRG,2002-01-22,2002-03-12,50,73,3290
CEMI,2000-11-28,2001-01-16,50,70,937
NK,2014-12-31,2015-02-18,50,26,154
SAF,2017-10-02,2017-11-20,50,90,560
PFIS,2002-12-26,2003-02-13,50,34,1317
MBCN,2004-08-24,2004-10-12,50,35,1837
EEH,2011-08-25,2011-10-13,50,48,1717
MTC,2015-11-04,2015-12-23,50,90,1130
TDACU,2019-12-26,2020-02-13,50,34,227
SRNE,2010-08-02,2010-09-20,50,82,1223
AMCR,2014-07-18,2014-09-05,50,54,1345
GLIBP,2016-07-27,2016-09-14,50,86,1141
SRAX,2013-08-23,2013-10-11,50,35,366
HWBK,2000-01-21,2000-03-10,50,35,766
IOVA,2010-06-24,2010-08-12,50,26,215
ARWR,2000-10-12,2000-11-29,49,70,2032
CEMI,2003-09-23,2003-11-10,49,70,937
CIVB,1995-03-28,1995-05-15,49,45,1212
ALT,2002-06-25,2002-08-12,49,78,1032
MXC,1999-04-07,1999-05-25,49,164,2419
CIVB,1995-09-27,1995-11-14,49,45,1212
ICL,2004-08-18,2004-10-05,49,270,1731
TU,1997-04-29,1997-06-16,49,87,918
COFS,2002-08-23,2002-10-10,49,58,2372
GMAB,2010-03-16,2010-05-03,49,241,1068
KBLMU,2019-06-07,2019-07-25,49,72,494
MARA,2012-07-18,2012-09-04,49,39,170
CBFV,2009-10-07,2009-11-24,49,35,1688
FGBI,2014-06-05,2014-07-23,49,57,699
MAYS,2005-05-31,2005-07-18,49,55,4187
FPAY,2012-08-29,2012-10-16,49,105,1055
MSVB,2013-12-20,2014-02-06,49,115,3926
KFS,1999-01-27,1999-03-16,49,106,730
NEW,2005-03-29,2005-05-16,49,37,1104
CNF,2017-06-20,2017-08-07,49,107,627
KIQ,2007-12-26,2008-02-12,49,175,3475
KIQ,2007-01-03,2007-02-20,49,175,3475
YUMA,1999-08-11,1999-09-28,49,319,2485
YUMA,1998-11-11,1998-12-29,49,319,2485
BCDA,2005-08-16,2005-10-03,49,61,1991
GLBZ,2000-03-23,2000-05-10,49,34,1467
PBHC,2013-05-24,2013-07-11,49,44,2267
ICL,2001-01-03,2001-02-20,49,270,1731
CEMI,2001-12-11,2002-01-28,49,70,937
SWP,1993-03-12,1993-04-29,49,64,833
YUMA,1997-03-12,1997-04-29,49,319,2485
UIHC,2012-03-22,2012-05-09,49,64,884
MLPE,2016-12-07,2017-01-24,49,52,654
BLD,2014-04-11,2014-05-29,49,62,1016
KELYB,2009-03-03,2009-04-20,49,96,4631
DSS,1995-04-25,1995-06-12,49,53,780
MXC,2000-05-02,2000-06-19,49,164,2419
CAPR,2007-02-16,2007-04-05,49,53,355
KELYB,1998-09-02,1998-10-20,49,96,4631
DTSS,2018-10-31,2018-12-18,49,40,116
ARWR,1998-01-28,1998-03-17,49,70,2032
GLIBP,2014-05-14,2014-06-30,48,86,1141
MLPO,2018-03-07,2018-04-23,48,77,983
AMCR,2016-08-18,2016-10-04,48,54,1345
FPAY,2011-12-07,2012-01-23,48,105,1055
PFIE,2010-05-13,2010-06-29,48,36,252
ESTE,1998-09-02,1998-10-19,48,36,1208
FGBI,2013-06-13,2013-07-30,48,57,699
AMRH,2017-09-08,2017-10-25,48,40,440
MXC,1995-08-24,1995-10-10,48,164,2419
FSBC,2013-07-03,2013-08-19,48,56,1958
MXC,1996-09-06,1996-10-23,48,164,2419
LTRPB,2016-12-28,2017-02-13,48,40,997
MAYS,2001-10-10,2001-11-26,48,55,4187
LTRPB,2016-09-07,2016-10-24,48,40,997
CAI,2005-11-17,2006-01-03,48,55,189
OPBK,2010-06-18,2010-08-04,48,161,2090
CCB,2013-09-11,2013-10-28,48,253,1818
FDBC,2003-06-04,2003-07-21,48,47,2353
BE,2006-01-25,2006-03-13,48,117,2051
ABEV,2003-09-04,2003-10-21,48,48,1519
KIQ,1998-08-06,1998-09-22,48,175,3475
SUZ,2009-06-05,2009-07-22,48,49,1255
JJP,2018-03-01,2018-04-17,48,33,481
KELYB,1997-07-03,1997-08-19,48,96,4631
COCP,2012-10-12,2012-11-28,48,34,303
ELJ,2018-11-28,2019-01-14,48,31,310
BHAT,2017-02-01,2017-03-20,48,234,1339
WPM,2002-03-14,2002-04-30,48,92,996
HFBL,2010-01-20,2010-03-08,48,33,1291
JG,2014-07-30,2014-09-15,48,62,1061
KLR,2015-08-27,2015-10-12,47,560,1397
PSTV,2000-11-17,2001-01-02,47,30,712
BPTH,2008-03-10,2008-04-25,47,34,323
PBHC,2012-05-18,2012-07-03,47,44,2267
ABEV,2003-01-10,2003-02-25,47,48,1519
ABEV,2001-11-15,2001-12-31,47,48,1519
AYTU,2012-03-08,2012-04-23,47,131,1696
AYTU,2015-01-23,2015-03-10,47,131,1696
UBCP,1993-03-05,1993-04-20,47,77,1284
EVGN,2012-10-11,2012-11-26,47,77,725
AMUB,2017-12-28,2018-02-12,47,160,831
COCP,2012-06-04,2012-07-20,47,34,303
GAZ,2017-11-03,2017-12-19,47,32,325
ALACU,2020-01-31,2020-03-17,47,32,206
OTTW,2013-12-23,2014-02-07,47,39,1706
PTE,2002-07-29,2002-09-13,47,39,605
CAE,2000-03-10,2000-04-25,47,50,1194
HMG,2011-06-02,2011-07-18,47,39,3152
GRAF,2003-09-15,2003-10-31,47,1223,3366
GWB,2009-01-05,2009-02-20,47,247,1415
PFBC,2003-05-15,2003-06-30,47,228,1314
CAPR,2007-08-02,2007-09-17,47,53,355
XELB,2013-03-25,2013-05-10,47,54,564
GPRK,2013-11-08,2013-12-24,47,51,697
MAYS,2005-08-05,2005-09-20,47,55,4187
HQI,2004-08-19,2004-10-04,47,71,698
TU,1998-07-09,1998-08-24,47,87,918
YUMA,1998-08-28,1998-10-13,47,319,2485
KFS,1999-09-13,1999-10-29,47,106,730
LFVN,1994-10-24,1994-12-09,47,290,2466
KELYB,2001-03-20,2001-05-04,46,96,4631
BHAT,2015-10-23,2015-12-07,46,234,1339
FSBC,2014-08-26,2014-10-10,46,56,1958
KELYB,1997-09-12,1997-10-27,46,96,4631
RCA,2015-09-18,2015-11-02,46,166,1039
FSI,2000-05-01,2000-06-15,46,39,304
BRBS,2015-06-02,2015-07-17,46,45,1302
ENG,1996-06-03,1996-07-18,46,33,307
KGJI,2009-06-23,2009-08-07,46,33,1229
SMMF,2001-10-16,2001-11-30,46,33,607
KELYB,1996-01-30,1996-03-15,46,96,4631
LONE,2012-06-29,2012-08-13,46,60,1126
ARWR,2002-07-05,2002-08-19,46,70,2032
CTXR,2015-12-15,2016-01-29,46,62,329
PCB,2012-08-13,2012-09-27,46,131,830
BWFG,2011-12-05,2012-01-19,46,132,880
RMG,2000-05-02,2000-06-16,46,120,1003
PFBC,2002-10-04,2002-11-18,46,228,1314
RUN,2015-01-09,2015-02-23,46,9,147
AYTU,2010-01-29,2010-03-15,46,131,1696
SNR,2014-09-09,2014-10-24,46,24,315
HNRG,2007-10-05,2007-11-19,46,73,3290
WEI,2012-03-05,2012-04-19,46,1453,3275
PAYS,2007-11-23,2008-01-07,46,93,1140
COCP,2012-03-16,2012-04-30,46,34,303
KELYB,2013-02-01,2013-03-18,46,96,4631
RILY,2012-02-03,2012-03-19,46,31,690
CCB,2014-03-17,2014-05-01,46,253,1818
NVGS,2012-06-04,2012-07-18,45,203,1442
NMR,1995-05-23,1995-07-06,45,31,497
STG,2014-04-15,2014-05-29,45,187,1342
WILC,2016-02-22,2016-04-06,45,32,482
MTA,2015-12-30,2016-02-12,45,31,1073
JG,2013-08-13,2013-09-26,45,62,1061
YUMA,1994-11-30,1995-01-13,45,319,2485
MLPO,2017-12-18,2018-01-31,45,77,983
STG,2006-09-27,2006-11-10,45,187,1342
SASR,1994-04-18,1994-06-01,45,31,389
PFBC,2002-01-16,2002-03-01,45,228,1314
TU,1996-12-11,1997-01-24,45,87,918
OGI,2003-05-20,2003-07-03,45,31,307
IMV,2012-01-11,2012-02-24,45,50,1241
AMCR,2012-08-29,2012-10-12,45,54,1345
OTTW,2010-06-29,2010-08-12,45,39,1706
TMSR,2017-01-18,2017-03-03,45,46,531
CCB,2012-02-15,2012-03-30,45,253,1818
PJT,2006-02-01,2006-03-17,45,78,2431
DIVC,2017-04-10,2017-05-24,45,116,762
XELB,2013-07-23,2013-09-05,45,54,564
MEC,2013-12-24,2014-02-06,45,55,863
MXC,2003-07-23,2003-09-05,45,164,2419
DUOT,2009-07-13,2009-08-26,45,265,974
GRAF,2010-03-03,2010-04-16,45,1223,3366
HNRG,2001-01-17,2001-03-02,45,73,3290
KIQ,2001-12-19,2002-02-01,45,175,3475
KFS,2000-11-28,2001-01-11,45,106,730
CKX,2001-08-08,2001-09-21,45,86,1945
GIX,2002-01-15,2002-02-28,45,117,2607
KIQ,2010-01-27,2010-03-12,45,175,3475
COFS,2001-10-30,2001-12-13,45,58,2372
CKX,2002-11-06,2002-12-20,45,86,1945
ABEV,1997-04-24,1997-06-06,44,48,1519
FMBH,2012-08-27,2012-10-09,44,31,2428
TMSR,2016-11-03,2016-12-16,44,46,531
AEMD,1999-08-12,1999-09-24,44,49,802
TSG,2012-01-30,2012-03-13,44,31,558
UJPY,2017-12-13,2018-01-25,44,29,105
DCHF,2018-06-28,2018-08-10,44,31,264
INUV,2000-04-19,2000-06-01,44,30,737
ATCO,2012-01-24,2012-03-07,44,25,335
SASR,1994-11-17,1994-12-30,44,31,389
MLPE,2017-10-16,2017-11-28,44,52,654
EBMT,2008-02-05,2008-03-19,44,59,1786
JJS,2018-02-06,2018-03-21,44,31,677
ENSV,1997-05-14,1997-06-26,44,31,1297
SRAX,2013-07-01,2013-08-13,44,35,366
CGA,2008-06-24,2008-08-06,44,31,67
PPHI,2019-10-01,2019-11-13,44,32,204
DXPE,2001-10-04,2001-11-16,44,32,604
TCFC,2012-08-28,2012-10-10,44,40,1507
AMRH,2016-05-19,2016-07-01,44,40,440
IMTE,2017-10-09,2017-11-21,44,32,96
ORRF,2001-09-27,2001-11-09,44,32,1270
HNRG,1995-03-01,1995-04-13,44,73,3290
CXDC,2008-08-25,2008-10-07,44,73,350
WEI,2007-09-05,2007-10-18,44,1453,3275
MBCN,2003-07-08,2003-08-20,44,35,1837
IMV,2012-07-17,2012-08-29,44,50,1241
SRAX,2012-10-18,2012-11-30,44,35,366
PJT,2006-06-19,2006-08-01,44,78,2431
CKX,1999-07-19,1999-08-31,44,86,1945
PCB,2013-10-09,2013-11-21,44,131,830
FPAY,2011-10-05,2011-11-17,44,105,1055
ALACR,2015-10-26,2015-12-08,44,182,754
CKX,2003-01-13,2003-02-25,44,86,1945
MXC,1995-10-12,1995-11-24,44,164,2419
DIVC,2018-10-29,2018-12-11,44,116,762
SPFI,2016-01-27,2016-03-10,44,229,1793
MCBS,2017-02-22,2017-04-06,44,86,575
SPFI,2017-07-17,2017-08-29,44,229,1793
TU,1998-08-26,1998-10-08,44,87,918
NET,2017-10-19,2017-12-01,44,146,1342
SG,2006-09-27,2006-11-09,44,144,1810
MTC,2016-02-18,2016-04-01,44,90,1130
PCB,2013-03-20,2013-05-02,44,131,830
NEX,2018-12-17,2019-01-29,44,214,418
GLIBP,2013-11-04,2013-12-17,44,86,1141
ICL,2004-11-22,2005-01-04,44,270,1731
LFVN,2003-02-25,2003-04-09,44,290,2466
LFVN,2000-10-25,2000-12-07,44,290,2466
ATLO,2000-02-16,2000-03-30,44,181,973
SUZ,2009-11-16,2009-12-28,43,49,1255
CNF,2017-05-04,2017-06-15,43,107,627
LNG,1996-05-13,1996-06-24,43,49,560
GPRK,2012-12-13,2013-01-24,43,51,697
PAYS,2012-04-26,2012-06-07,43,93,1140
HNRG,2002-04-30,2002-06-11,43,73,3290
RCA,2012-12-31,2013-02-11,43,166,1039
TXMD,2008-05-15,2008-06-26,43,107,883
SRNE,2007-12-18,2008-01-29,43,82,1223
NSEC,1993-06-17,1993-07-29,43,38,2574
HNRG,1997-02-27,1997-04-10,43,73,3290
PME,2011-10-21,2011-12-02,43,40,330
ARTNA,1995-09-28,1995-11-09,43,38,447
PCB,2013-07-16,2013-08-27,43,131,830
KELYB,2016-08-22,2016-10-03,43,96,4631
BE,2005-11-09,2005-12-21,43,117,2051
HNRG,1996-02-01,1996-03-14,43,73,3290
HNRG,1995-10-13,1995-11-24,43,73,3290
FSBC,2011-10-18,2011-11-29,43,56,1958
FSBC,2011-06-16,2011-07-28,43,56,1958
HNRG,2003-10-29,2003-12-10,43,73,3290
RMG,2017-07-18,2017-08-29,43,120,1003
MTC,2016-09-30,2016-11-11,43,90,1130
DWSN,1995-09-22,1995-11-03,43,45,1504
BDCZ,2017-07-14,2017-08-25,43,94,712
FDBC,2002-06-26,2002-08-07,43,47,2353
GHG,2013-05-29,2013-07-10,43,70,661
LFVN,2004-06-21,2004-08-02,43,290,2466
GWB,2007-06-20,2007-08-01,43,247,1415
BRBS,2015-11-23,2016-01-04,43,45,1302
CTXR,2014-10-03,2014-11-14,43,62,329
WPM,2003-02-04,2003-03-18,43,92,996
MBCN,2004-10-15,2004-11-26,43,35,1837
GWB,2010-08-25,2010-10-06,43,247,1415
KBLMU,2019-10-29,2019-12-10,43,72,494
CMCTP,2020-01-14,2020-02-25,43,44,287
WPM,2001-06-12,2001-07-24,43,92,996
AMUB,2018-06-25,2018-08-06,43,160,831
HNRG,2009-06-26,2009-08-07,43,73,3290
XELB,2012-10-03,2012-11-14,43,54,564
HNRG,2006-06-29,2006-08-10,43,73,3290
MSVB,2010-09-15,2010-10-27,43,115,3926
HNRG,2005-02-23,2005-04-06,43,73,3290
JG,2012-08-23,2012-10-04,43,62,1061
HWBK,1999-07-30,1999-09-10,43,35,766
STG,2008-10-31,2008-12-12,43,187,1342
PFBC,2000-05-26,2000-07-07,43,228,1314
FMBH,2011-08-24,2011-10-05,43,31,2428
NIU,2009-07-08,2009-08-19,43,80,2245
AIRI,2002-12-06,2003-01-17,43,79,1622
MNCLU,2020-01-27,2020-03-09,43,30,114
CS,1995-05-17,1995-06-28,43,30,186
SMIT,1994-05-31,1994-07-12,43,30,616
SPFI,2017-11-15,2017-12-27,43,229,1793
MLPO,2017-05-26,2017-07-07,43,77,983
PFBC,2002-08-15,2002-09-26,43,228,1314
PJT,2012-12-06,2013-01-17,43,78,2431
ROSEU,2019-09-17,2019-10-29,43,102,665
PJT,2009-06-29,2009-08-10,43,78,2431
JG,2012-10-23,2012-12-04,43,62,1061
KELYB,2008-08-08,2008-09-19,43,96,4631
BHAT,2017-07-28,2017-09-08,43,234,1339
NWGI,2006-10-10,2006-11-21,43,65,1434
KELYB,2016-01-06,2016-02-17,43,96,4631
PTVCA,1993-12-10,1994-01-20,42,103,3782
OPBK,2011-03-03,2011-04-13,42,161,2090
OLEM,2014-06-20,2014-07-31,42,29,472
ABEV,2003-10-24,2003-12-04,42,48,1519
DUOT,2013-05-07,2013-06-17,42,265,974
MAYS,2007-11-23,2008-01-03,42,55,4187
BWFG,2011-03-08,2011-04-18,42,132,880
PPSI,2013-05-17,2013-06-27,42,29,239
HMI,2001-12-06,2002-01-16,42,556,926
BRBS,2015-08-21,2015-10-01,42,45,1302
CLSK,2015-12-18,2016-01-28,42,238,1229
SRAX,2013-04-02,2013-05-13,42,35,366
UIHC,2009-06-11,2009-07-22,42,64,884
BCTF,2011-06-29,2011-08-09,42,155,3025
HNRG,1996-09-04,1996-10-15,42,73,3290
MAYS,2001-05-15,2001-06-25,42,55,4187
ABEV,2001-05-18,2001-06-28,42,48,1519
ABEV,1999-08-06,1999-09-16,42,48,1519
CZNC,1996-11-29,1997-01-09,42,28,1118
AGM,1994-11-10,1994-12-21,42,50,538
BE,2002-10-10,2002-11-20,42,117,2051
CTZ,2013-03-20,2013-04-30,42,68,2291
CTZ,2012-08-14,2012-09-24,42,68,2291
LIVX,2017-11-02,2017-12-13,42,51,81
YUMA,1996-10-08,1996-11-18,42,319,2485
IMV,2010-10-14,2010-11-24,42,50,1241
PAYS,2008-01-16,2008-02-26,42,93,1140
BDCZ,2018-05-11,2018-06-21,42,94,712
SUZ,2009-09-15,2009-10-26,42,49,1255
SIEB,1993-02-25,1993-04-07,42,49,1518
ARWR,2001-02-27,2001-04-09,42,70,2032
MCF,2000-01-14,2000-02-24,42,90,1481
MCF,2000-04-07,2000-05-18,42,90,1481
SIEB,1997-05-01,1997-06-11,42,49,1518
AMUB,2017-03-03,2017-04-13,42,160,831
MOFG,2008-02-05,2008-03-17,42,29,44
SMIT,1994-08-31,1994-10-11,42,30,616
NIU,2005-11-25,2006-01-05,42,80,2245
STG,2009-08-19,2009-09-29,42,187,1342
GMAB,2009-09-03,2009-10-14,42,241,1068
CTK,2010-04-13,2010-05-24,42,215,618
MXC,1998-06-05,1998-07-16,42,164,2419
LTRPB,2019-05-21,2019-07-01,42,40,997
BIMI,2007-05-02,2007-06-12,42,57,458
COCP,2012-08-02,2012-09-12,42,34,303
VMD,2005-01-19,2005-03-01,42,213,1247
KERN,2017-03-21,2017-05-01,42,13,72
TWLO,2009-07-21,2009-08-31,42,447,866
MEC,2011-11-18,2011-12-29,42,55,863
BHAT,2017-05-23,2017-07-03,42,234,1339
HMG,1997-12-24,1998-02-03,42,39,3152
TT,2002-08-09,2002-09-19,42,432,1781
MEC,2012-09-28,2012-11-08,42,55,863
UIHC,2009-10-30,2009-12-09,41,64,884
BIMI,2007-12-28,2008-02-06,41,57,458
LNG,1996-06-27,1996-08-06,41,49,560
AYTU,2013-06-12,2013-07-22,41,131,1696
AYTU,2014-08-14,2014-09-23,41,131,1696
MCF,1997-08-28,1997-10-07,41,90,1481
HNRG,2001-08-09,2001-09-18,41,73,3290
GRAF,2003-02-06,2003-03-18,41,1223,3366
CNNB,2019-05-15,2019-06-24,41,28,298
KELYB,2017-09-22,2017-11-01,41,96,4631
TRT,1994-05-20,1994-06-29,41,278,1268
TWLO,2012-01-06,2012-02-15,41,447,866
YUMA,1998-12-31,1999-02-09,41,319,2485
RDIB,2015-08-07,2015-09-16,41,64,1468
GMAB,2012-12-26,2013-02-04,41,241,1068
KELYB,2013-05-29,2013-07-08,41,96,4631
WPM,2000-05-18,2000-06-27,41,92,996
NWGI,2007-07-05,2007-08-14,41,65,1434
BLD,2004-06-04,2004-07-14,41,62,1016
VERB,2015-08-07,2015-09-16,41,120,244
ESTE,1994-11-02,1994-12-12,41,36,1208
MSVB,2006-04-07,2006-05-17,41,115,3926
HNRG,1999-12-10,2000-01-19,41,73,3290
MSVB,2006-09-14,2006-10-24,41,115,3926
MSVB,2008-10-15,2008-11-24,41,115,3926
CYCCP,2006-05-24,2006-07-03,41,28,1770
WEI,2005-07-01,2005-08-10,41,1453,3275
UAVS,2009-05-06,2009-06-15,41,28,655
MSVB,2013-10-31,2013-12-10,41,115,3926
KBLMU,2018-06-15,2018-07-25,41,72,494
BRBS,2014-09-04,2014-10-14,41,45,1302
MSVB,2013-09-19,2013-10-29,41,115,3926
TSG,2011-09-16,2011-10-26,41,31,558
MAYS,1996-01-03,1996-02-12,41,55,4187
WKEY,2019-02-21,2019-04-02,41,72,276
CMCTP,2018-10-19,2018-11-28,41,44,287
HNRG,1996-06-26,1996-08-05,41,73,3290
BCTF,2010-03-24,2010-05-03,41,155,3025
CIVB,1994-07-15,1994-08-24,41,45,1212
COFS,2002-07-12,2002-08-21,41,58,2372
DGICB,2012-06-01,2012-07-11,41,57,2239
CBH,2016-02-05,2016-03-16,41,40,590
HNRG,2007-04-26,2007-06-05,41,73,3290
TU,1997-11-07,1997-12-17,41,87,918
TU,1997-07-11,1997-08-20,41,87,918
OTTW,2012-03-16,2012-04-25,41,39,1706
GWB,2005-11-02,2005-12-12,41,247,1415
PLX,2004-09-30,2004-11-09,41,80,1679
ARWR,1999-12-09,2000-01-18,41,70,2032
PTVCA,2000-05-31,2000-07-10,41,103,3782
MSVB,2017-06-14,2017-07-24,41,115,3926
VHC,2003-02-06,2003-03-18,41,28,887
CLSK,2013-03-08,2013-04-17,41,238,1229
NIU,2008-01-25,2008-03-05,41,80,2245
PECK,2019-01-16,2019-02-25,41,38,339
CCZ,2017-04-20,2017-05-30,41,29,1986
FGBI,2012-10-03,2012-11-12,41,57,699
CCZ,2017-09-22,2017-11-01,41,29,1986
WEI,2005-08-12,2005-09-20,40,1453,3275
DGICB,2015-10-08,2015-11-16,40,57,2239
AUG,2014-12-04,2015-01-12,40,65,336
KELYB,1998-03-27,1998-05-05,40,96,4631
MAYS,2012-04-23,2012-06-01,40,55,4187
FPAY,2010-07-01,2010-08-09,40,105,1055
NMRD,2015-07-06,2015-08-14,40,55,325
MAYS,2002-03-07,2002-04-15,40,55,4187
MSVB,2009-05-01,2009-06-09,40,115,3926
REI,2008-04-10,2008-05-19,40,98,1160
GNL,2013-02-28,2013-04-08,40,54,1097
DGICB,2017-06-08,2017-07-17,40,57,2239
LONE,2011-07-01,2011-08-09,40,60,1126
MUDSU,2019-12-05,2020-01-13,40,26,314
AGX,2006-06-08,2006-07-17,40,38,1288
KIQ,2009-06-08,2009-07-17,40,175,3475
YGRN,2019-10-31,2019-12-09,40,27,112
TCFC,2008-07-10,2008-08-18,40,40,1507
GWB,2011-06-06,2011-07-15,40,247,1415
GMAB,2009-10-16,2009-11-24,40,241,1068
RCA,2012-02-23,2012-04-02,40,166,1039
UAVS,2009-02-06,2009-03-17,40,28,655
GIX,2014-01-27,2014-03-07,40,117,2607
EDSA,2015-11-06,2015-12-15,40,27,200
NEW,2005-08-25,2005-10-03,40,37,1104
BLBD,2013-07-15,2013-08-23,40,30,690
RHE,2015-06-01,2015-07-10,40,10,58
CLSK,2015-05-14,2015-06-22,40,238,1229
CGA,2008-05-02,2008-06-10,40,31,67
MLPB,2017-07-03,2017-08-11,40,75,863
ONCY,2015-11-06,2015-12-15,40,27,34
SNGX,1995-08-04,1995-09-12,40,27,526
TRT,1995-03-02,1995-04-10,40,278,1268
AYTU,2015-03-12,2015-04-20,40,131,1696
MUDSU,2018-12-14,2019-01-22,40,26,314
BSRR,1996-11-22,1996-12-31,40,69,867
CAE,1997-08-18,1997-09-26,40,50,1194
VERB,2014-12-19,2015-01-27,40,120,244
WPM,2002-12-20,2003-01-28,40,92,996
CAE,2000-04-27,2000-06-05,40,50,1194
FDBC,2000-01-03,2000-02-11,40,47,2353
NIU,2000-01-06,2000-02-14,40,80,2245
SIEB,1994-06-30,1994-08-08,40,49,1518
SIEB,1995-01-26,1995-03-06,40,49,1518
ICL,2006-07-10,2006-08-18,40,270,1731
MTC,2014-07-07,2014-08-15,40,90,1130
KELYB,1996-12-23,1997-01-30,39,96,4631
EGBN,1999-08-30,1999-10-07,39,28,514
SFBC,2008-11-18,2008-12-26,39,27,945
BYFC,1996-06-28,1996-08-05,39,26,1796
OGI,2015-01-26,2015-03-05,39,31,307
BFC,2005-07-01,2005-08-08,39,26,1782
ORRF,1999-07-20,1999-08-27,39,32,1270
ORRF,2002-11-08,2002-12-16,39,32,1270
REI,2011-03-18,2011-04-25,39,98,1160
BE,2006-05-26,2006-07-03,39,117,2051
FGBI,2014-11-10,2014-12-18,39,57,699
LBC,2003-06-10,2003-07-18,39,181,1956
GIX,2013-10-22,2013-11-29,39,117,2607
RMG,2005-05-03,2005-06-10,39,120,1003
OVBC,1996-09-06,1996-10-14,39,116,1847
SUZ,2015-06-05,2015-07-13,39,49,1255
DTW,2016-01-12,2016-02-19,39,214,471
BCTF,2001-11-23,2001-12-31,39,155,3025
AMUB,2018-09-25,2018-11-02,39,160,831
AMUB,2017-06-13,2017-07-21,39,160,831
NEXT,2015-09-01,2015-10-09,39,41,334
NEXT,2016-09-06,2016-10-14,39,41,334
OTTW,2011-01-07,2011-02-14,39,39,1706
PTE,2003-08-01,2003-09-08,39,39,605
CVLY,1996-11-29,1997-01-06,39,37,1567
KIQ,1998-01-23,1998-03-02,39,175,3475
KIQ,1996-05-28,1996-07-05,39,175,3475
CBFV,2013-09-27,2013-11-04,39,35,1688
LBC,2006-04-04,2006-05-12,39,181,1956
DWSN,1995-06-06,1995-07-14,39,45,1504
GIX,2014-04-29,2014-06-06,39,117,2607
GLIBP,2014-09-09,2014-10-17,39,86,1141
NWGI,2011-11-29,2012-01-06,39,65,1434
NWGI,2007-05-25,2007-07-02,39,65,1434
MLPB,2018-11-12,2018-12-20,39,75,863
LD,2015-07-20,2015-08-27,39,91,1282
PAYS,2009-12-07,2010-01-14,39,93,1140
BSRR,1994-07-19,1994-08-26,39,69,867
CTZ,2008-08-26,2008-10-03,39,68,2291
SRNE,2009-09-28,2009-11-05,39,82,1223
KELYB,2010-07-02,2010-08-09,39,96,4631
XELB,2013-06-12,2013-07-19,38,54,564
PTVCA,2000-11-20,2000-12-27,38,103,3782
CCZ,2013-07-31,2013-09-06,38,29,1986
HQI,2005-03-01,2005-04-07,38,71,698
MTC,2017-01-18,2017-02-24,38,90,1130
FSBC,2007-09-18,2007-10-25,38,56,1958
PCB,2013-05-07,2013-06-13,38,131,830
YUMA,1996-11-20,1996-12-27,38,319,2485
NWGI,2013-10-08,2013-11-14,38,65,1434
KELYB,2007-05-14,2007-06-20,38,96,4631
ELJ,2019-01-16,2019-02-22,38,31,310
LFVN,1999-03-09,1999-04-15,38,290,2466
MAYS,2006-12-06,2007-01-12,38,55,4187
MAYS,2006-06-28,2006-08-04,38,55,4187
BGSF,2014-10-08,2014-11-14,38,28,215
CIVB,1995-11-20,1995-12-27,38,45,1212
KBLMU,2019-12-17,2020-01-23,38,72,494
NIU,2000-11-29,2001-01-05,38,80,2245
WKEY,2019-07-24,2019-08-30,38,72,276
MSVB,2016-10-04,2016-11-10,38,115,3926
VTNR,2002-09-04,2002-10-11,38,64,1075
KELYB,2017-02-15,2017-03-24,38,96,4631
MXC,2003-02-05,2003-03-14,38,164,2419
HNRG,2004-06-16,2004-07-23,38,73,3290
MXC,1998-04-27,1998-06-03,38,164,2419
GWB,2011-09-07,2011-10-14,38,247,1415
KIQ,2007-10-02,2007-11-08,38,175,3475
LONE,2012-04-18,2012-05-25,38,60,1126
EVGN,2010-12-21,2011-01-27,38,77,725
PJT,2001-01-10,2001-02-16,38,78,2431
GHG,2012-07-10,2012-08-16,38,70,661
GIX,2001-04-25,2001-06-01,38,117,2607
RMG,2012-05-16,2012-06-22,38,120,1003
BSRR,1995-12-11,1996-01-17,38,69,867
CAE,1997-06-10,1997-07-17,38,50,1194
IMV,2013-07-31,2013-09-06,38,50,1241
KELYB,2011-09-19,2011-10-26,38,96,4631
TRXC,2004-08-18,2004-09-24,38,27,1081
PHX,1996-04-01,1996-05-08,38,27,1267
LFVN,2001-05-16,2001-06-22,38,290,2466
APTO,1996-01-22,1996-02-28,38,27,1897
SOLN,2019-04-17,2019-05-24,38,130,464
REI,2012-01-04,2012-02-10,38,98,1160
AYTU,2009-12-21,2010-01-27,38,131,1696
HCCHU,2019-07-15,2019-08-21,38,28,301
MTC,2014-09-08,2014-10-15,38,90,1130
VER,2001-04-04,2001-05-11,38,27,868
MXC,1995-07-12,1995-08-17,37,164,2419
CAE,1999-09-20,1999-10-26,37,50,1194
LTRPB,2014-09-09,2014-10-15,37,40,997
LTRPB,2017-11-09,2017-12-15,37,40,997
RCP,2014-12-24,2015-01-29,37,363,1190
PME,2011-08-04,2011-09-09,37,40,330
BWFG,2012-05-10,2012-06-15,37,132,880
BSRR,1997-05-28,1997-07-03,37,69,867
YUMA,1994-06-20,1994-07-26,37,319,2485
NPA,2014-11-04,2014-12-10,37,122,1884
OCCI,2011-12-05,2012-01-10,37,426,1236
BE,2002-04-09,2002-05-15,37,117,2051
MUDSU,2020-02-04,2020-03-11,37,26,314
CANF,2013-01-16,2013-02-21,37,25,153
KFS,2000-08-23,2000-09-28,37,106,730
MTC,2015-03-26,2015-05-01,37,90,1130
KIQ,2010-04-19,2010-05-25,37,175,3475
ABEV,2002-04-03,2002-05-09,37,48,1519
FSBC,2008-11-18,2008-12-24,37,56,1958
LFVN,2000-07-18,2000-08-23,37,290,2466
EIC,2015-04-28,2015-06-03,37,54,370
IMV,2011-08-29,2011-10-04,37,50,1241
MEC,2013-02-12,2013-03-20,37,55,863
LD,2017-09-12,2017-10-18,37,91,1282
VBFC,1997-12-23,1998-01-28,37,45,2026
BCTF,2013-03-19,2013-04-24,37,155,3025
TMSR,2018-04-05,2018-05-11,37,46,531
MAYS,2008-03-10,2008-04-15,37,55,4187
BWFG,2010-06-17,2010-07-23,37,132,880
GNL,2013-12-19,2014-01-24,37,54,1097
TU,1998-12-01,1999-01-06,37,87,918
BCTF,2011-04-13,2011-05-19,37,155,3025
BCTF,2008-10-09,2008-11-14,37,155,3025
BCTF,2005-07-18,2005-08-23,37,155,3025
GLIBP,2016-01-05,2016-02-10,37,86,1141
MOMO,2012-05-24,2012-06-29,37,43,1142
GWB,2008-11-17,2008-12-23,37,247,1415
OPBK,2011-01-24,2011-03-01,37,161,2090
BE,2007-03-21,2007-04-26,37,117,2051
PJT,2003-05-14,2003-06-19,37,78,2431
TH,2009-01-27,2009-03-04,37,38,508
MLPE,2018-02-06,2018-03-14,37,52,654
KIQ,2009-07-28,2009-09-02,37,175,3475
ALRS,2007-12-24,2008-01-29,37,34,2072
YUMA,1999-06-22,1999-07-28,37,319,2485
PTVCA,1999-04-20,1999-05-26,37,103,3782
NIU,2000-09-28,2000-11-03,37,80,2245
KELYB,2011-11-02,2011-12-08,37,96,4631
PJT,2001-12-20,2002-01-25,37,78,2431
KLR,2008-10-09,2008-11-14,37,560,1397
ALACU,2019-08-19,2019-09-24,37,32,206
IOVA,2011-01-03,2011-02-08,37,26,215
HCCHU,2020-02-25,2020-04-01,37,28,301
GAZ,2017-08-22,2017-09-27,37,32,325
LONE,2009-03-31,2009-05-06,37,60,1126
DISCB,2010-11-08,2010-12-14,37,26,1586
CCBG,1994-06-07,1994-07-13,37,233,717
BHF,2015-09-15,2015-10-21,37,22,568
LONE,2013-04-24,2013-05-30,37,60,1126
PTVCA,2002-03-07,2002-04-12,37,103,3782
COFS,2002-01-02,2002-02-07,37,58,2372
NIU,2012-02-09,2012-03-16,37,80,2245
NK,2015-06-09,2015-07-15,37,26,154
ALACR,2014-10-09,2014-11-14,37,182,754
MVBF,2013-02-20,2013-03-28,37,27,662
IKNX,1994-06-09,1994-07-15,37,26,2244
KELYB,1997-02-27,1997-04-04,37,96,4631
RDIB,2016-05-05,2016-06-10,37,64,1468
FCAP,2001-05-02,2001-06-07,37,26,1987
CATC,2001-02-15,2001-03-23,37,26,1587
NEW,2000-06-27,2000-08-02,37,37,1104
IKNX,1995-08-17,1995-09-22,37,26,2244
PLX,2001-08-27,2001-10-02,37,80,1679
CVLY,1997-12-23,1998-01-28,37,37,1567
JCTCF,1996-08-22,1996-09-27,37,26,1566
KIQ,1998-09-24,1998-10-30,37,175,3475
BOTJ,2001-04-05,2001-05-11,37,26,1564
TSG,2011-11-01,2011-12-07,37,31,558
LPTH,1996-08-14,1996-09-19,37,26,178
CTK,2009-03-11,2009-04-16,37,215,618
PNRG,2016-02-10,2016-03-17,37,26,1781
KELYB,1995-11-22,1995-12-28,37,96,4631
SIEB,1994-08-10,1994-09-14,36,49,1518
CTZ,2007-06-12,2007-07-17,36,68,2291
SPFI,2018-09-05,2018-10-10,36,229,1793
PCB,2011-12-28,2012-02-01,36,131,830
APTO,1995-01-13,1995-02-17,36,27,1897
PFBC,2003-04-08,2003-05-13,36,228,1314
SUZ,2009-01-22,2009-02-26,36,49,1255
JJT,2018-02-21,2018-03-28,36,26,987
APTO,1995-08-15,1995-09-19,36,27,1897
MAXR,2012-05-29,2012-07-03,36,47,1359
PJT,2002-01-29,2002-03-05,36,78,2431
FDBC,1999-09-10,1999-10-15,36,47,2353
ABEV,2002-09-13,2002-10-18,36,48,1519
PJT,2013-07-11,2013-08-15,36,78,2431
OLEM,2014-03-10,2014-04-14,36,29,472
SIEB,1995-06-19,1995-07-24,36,49,1518
ICL,2001-02-22,2001-03-29,36,270,1731
IKNX,1995-04-20,1995-05-25,36,26,2244
ABEV,1997-03-11,1997-04-15,36,48,1519
EDSA,2010-06-28,2010-08-02,36,27,200
IMV,2013-09-13,2013-10-18,36,50,1241
PCB,2014-04-30,2014-06-04,36,131,830
MVBF,2013-06-10,2013-07-15,36,27,662
AEMD,2003-11-21,2003-12-26,36,49,802
MTC,2013-07-26,2013-08-30,36,90,1130
PJT,2009-05-14,2009-06-18,36,78,2431
PHX,1994-05-12,1994-06-16,36,27,1267
ACB,2001-05-24,2001-06-28,36,213,1099
CEMI,2001-04-27,2001-06-01,36,70,937
RUBY,2012-07-19,2012-08-23,36,36,522
GLIBP,2017-07-20,2017-08-24,36,86,1141
OPBK,2007-09-12,2007-10-17,36,161,2090
ALRS,2006-04-26,2006-05-31,36,34,2072
LBTYB,2016-10-28,2016-12-02,36,41,1790
MTBCP,2016-01-29,2016-03-04,36,25,139
CBH,2016-04-27,2016-06-01,36,40,590
LBC,2004-11-22,2004-12-27,36,181,1956
GYRO,1996-03-22,1996-04-26,36,25,1792
PRPL,2016-01-29,2016-03-04,36,35,284
LTRPB,2015-06-04,2015-07-09,36,40,997
KIQ,1997-10-20,1997-11-24,36,175,3475
SG,2017-10-18,2017-11-22,36,144,1810
GABC,1996-06-14,1996-07-19,36,25,739
CLSK,2014-04-30,2014-06-04,36,238,1229
DOOO,2014-04-22,2014-05-27,36,25,915
PLX,2001-07-19,2001-08-23,36,80,1679
KIQ,2004-10-19,2004-11-23,36,175,3475
UCIB,2016-03-30,2016-05-04,36,83,819
HNRG,1996-03-25,1996-04-29,36,73,3290
AGBAU,2020-01-06,2020-02-10,36,25,132
KIQ,2010-07-27,2010-08-31,36,175,3475
NSEC,1995-05-23,1995-06-27,36,38,2574
STG,2012-08-21,2012-09-25,36,187,1342
OPBK,2010-12-16,2011-01-20,36,161,2090
HBMD,2009-05-20,2009-06-24,36,25,1149
GWB,2008-08-22,2008-09-26,36,247,1415
SG,2013-11-04,2013-12-09,36,144,1810
AIRI,2001-08-16,2001-09-20,36,79,1622
NIU,2008-07-11,2008-08-15,36,80,2245
GFL,2014-09-23,2014-10-28,36,474,582
CRH,1993-06-17,1993-07-22,36,71,838
SPFI,2015-02-12,2015-03-19,36,229,1793
SU,1994-06-13,1994-07-18,36,230,625
HQI,2004-06-14,2004-07-19,36,71,698
TU,1998-06-02,1998-07-07,36,87,918
NIU,2006-11-02,2006-12-07,36,80,2245
PPHI,2019-12-26,2020-01-30,36,32,204
DWSN,2002-10-11,2002-11-15,36,45,1504
BCTF,2010-11-04,2010-12-09,36,155,3025
NVGS,2012-02-01,2012-03-07,36,203,1442
DTW,2016-04-05,2016-05-10,36,214,471
ORRF,2002-08-02,2002-09-06,36,32,1270
UNB,1999-08-19,1999-09-23,36,25,752
CMCTP,2019-01-30,2019-03-06,36,44,287
BCTF,2001-03-26,2001-04-30,36,155,3025
LMB,2014-11-04,2014-12-09,36,25,268
STG,2007-05-14,2007-06-18,36,187,1342
KELYB,2007-08-31,2007-10-05,36,96,4631
SAF,2017-11-24,2017-12-29,36,90,560
BCDA,2012-11-08,2012-12-13,36,61,1991
BE,2002-05-20,2002-06-24,36,117,2051
VTNR,2002-10-15,2002-11-19,36,64,1075
BIMI,2006-11-10,2006-12-15,36,57,458
PTVCA,1995-05-08,1995-06-12,36,103,3782
BE,2002-12-24,2003-01-28,36,117,2051
WEI,2008-08-26,2008-09-30,36,1453,3275
PFHD,2018-06-26,2018-07-31,36,57,537
LFVN,2001-08-21,2001-09-25,36,290,2466
CPHI,2005-02-23,2005-03-30,36,60,809
AMCR,2015-04-01,2015-05-06,36,54,1345
PFHD,2018-08-09,2018-09-13,36,57,537
OVBC,1996-06-03,1996-07-08,36,116,1847
PAYS,2008-11-21,2008-12-26,36,93,1140
FSBC,2008-03-20,2008-04-24,36,56,1958
LFVN,2001-04-06,2001-05-11,36,290,2466
PTVCA,1996-08-07,1996-09-11,36,103,3782
FPAY,2013-08-20,2013-09-24,36,105,1055
EBMT,2009-10-23,2009-11-27,36,59,1786
RDIB,2016-11-09,2016-12-14,36,64,1468
MAYS,2005-03-31,2005-05-05,36,55,4187
MAYS,1994-09-08,1994-10-13,36,55,4187
MSVB,2015-10-07,2015-11-11,36,115,3926
DJPY,2017-12-14,2018-01-18,36,23,155
KELYB,1997-12-09,1998-01-13,36,96,4631
FGBI,2013-04-08,2013-05-13,36,57,699
JG,2015-03-20,2015-04-24,36,62,1061
MSVB,2013-06-05,2013-07-10,36,115,3926
MEC,2013-09-24,2013-10-29,36,55,863
BIMI,2007-11-21,2007-12-26,36,57,458
MEC,2013-06-05,2013-07-10,36,55,863
REI,2011-02-07,2011-03-14,36,98,1160
DMAC,2015-02-04,2015-03-11,36,61,941
NSEC,1996-05-10,1996-06-13,35,38,2574
NOMD,2015-04-29,2015-06-02,35,24,85
SRAX,2013-02-22,2013-03-28,35,35,366
MSVB,2005-05-11,2005-06-14,35,115,3926
ABEV,1999-04-16,1999-05-20,35,48,1519
BWFG,2012-03-13,2012-04-16,35,132,880
MAXR,2013-09-26,2013-10-30,35,47,1359
JAX,2015-02-27,2015-04-02,35,25,306
VRT,2015-08-26,2015-09-29,35,23,168
PCB,2012-04-10,2012-05-14,35,131,830
ABEV,2000-01-19,2000-02-22,35,48,1519
SRAX,2013-01-17,2013-02-20,35,35,366
PLX,2001-11-06,2001-12-10,35,80,1679
ABEV,2002-05-16,2002-06-19,35,48,1519
AYTU,2013-05-07,2013-06-10,35,131,1696
LFVN,2000-09-08,2000-10-12,35,290,2466
BWFG,2011-06-15,2011-07-19,35,132,880
MARA,2012-11-13,2012-12-17,35,39,170
DPHC,2019-05-14,2019-06-17,35,24,141
OPBK,2011-12-07,2012-01-10,35,161,2090
IFS,2013-12-10,2014-01-13,35,43,525
BDCZ,2017-05-16,2017-06-19,35,94,712
CIVB,1994-08-31,1994-10-04,35,45,1212
OPBK,2010-04-09,2010-05-13,35,161,2090
MSVB,2012-05-08,2012-06-11,35,115,3926
DJCO,2001-07-25,2001-08-28,35,25,2646
GLIBP,2013-03-08,2013-04-11,35,86,1141
UAG,2016-10-04,2016-11-07,35,25,777
LBTYB,2018-03-21,2018-04-24,35,41,1790
AXO,2003-10-23,2003-11-26,35,25,465
CBH,2016-08-04,2016-09-07,35,40,590
TXMD,2009-06-16,2009-07-20,35,107,883
MTBCP,2015-12-24,2016-01-27,35,25,139
SIM,2003-05-28,2003-07-01,35,25,682
HNRG,2005-01-13,2005-02-16,35,73,3290
TCFC,2012-05-02,2012-06-05,35,40,1507
MCBS,2017-09-14,2017-10-18,35,86,575
MXC,1996-01-02,1996-02-05,35,164,2419
DOOO,2013-11-22,2013-12-26,35,25,915
RDIB,2013-10-02,2013-11-05,35,64,1468
MSVB,2007-04-20,2007-05-24,35,115,3926
HNRG,2000-08-04,2000-09-07,35,73,3290
PAYS,2009-10-30,2009-12-03,35,93,1140
CLSK,2016-10-12,2016-11-15,35,238,1229
EEH,2011-11-02,2011-12-06,35,48,1717
KBLMU,2019-04-10,2019-05-14,35,72,494
MLPO,2017-08-17,2017-09-20,35,77,983
LFVN,2001-01-19,2001-02-22,35,290,2466
CTZ,2005-04-14,2005-05-18,35,68,2291
PHX,1993-02-19,1993-03-25,35,27,1267
CTZ,2014-01-16,2014-02-19,35,68,2291
LONE,2012-02-28,2012-04-02,35,60,1126
LD,2016-11-02,2016-12-06,35,91,1282
DSS,1994-05-19,1994-06-22,35,53,780
SUZ,2016-05-19,2016-06-22,35,49,1255
RMNI,2016-08-30,2016-10-03,35,24,279
AMCR,2016-01-13,2016-02-16,35,54,1345
PTVCA,2006-01-04,2006-02-07,35,103,3782
CAE,1999-07-29,1999-09-01,35,50,1194
JFKKU,2020-01-31,2020-03-05,35,24,135
COFS,2001-07-11,2001-08-14,35,58,2372
YUMA,1996-03-12,1996-04-15,35,319,2485
BLBD,2014-10-31,2014-12-04,35,30,690
CYCCP,2006-02-16,2006-03-22,35,28,1770
BOCH,2000-01-27,2000-03-01,35,24,817
CIGI,1996-03-01,1996-04-04,35,53,362
CTZ,2008-10-08,2008-11-11,35,68,2291
KGJI,2009-03-19,2009-04-22,35,33,1229
HBMD,2011-08-12,2011-09-15,35,25,1149
EBMT,2001-11-06,2001-12-10,35,59,1786
AMCR,2017-08-23,2017-09-26,35,54,1345
FGBI,2013-02-26,2013-04-01,35,57,699
BHAT,2012-04-18,2012-05-22,35,234,1339
KELYB,2009-11-17,2009-12-21,35,96,4631
MLPE,2018-11-13,2018-12-17,35,52,654
BLD,2009-04-30,2009-06-03,35,62,1016
JG,2014-05-28,2014-07-01,35,62,1061
SMTS,2009-02-19,2009-03-25,35,25,1096
BOTJ,2000-10-26,2000-11-29,35,26,1564
BOTJ,2000-09-12,2000-10-16,35,26,1564
ORRF,1999-09-29,1999-11-02,35,32,1270
GPRK,2012-01-13,2012-02-16,35,51,697
SIEB,1993-01-19,1993-02-22,35,49,1518
ROSEU,2017-08-17,2017-09-20,35,102,665
PTVCA,2003-01-02,2003-02-04,34,103,3782
SIM,2003-01-08,2003-02-10,34,25,682
PJT,2013-06-05,2013-07-08,34,78,2431
AMRH,2016-07-07,2016-08-09,34,40,440
BCDA,2006-06-14,2006-07-17,34,61,1991
CPHI,2004-12-09,2005-01-11,34,60,809
YUMA,2001-08-29,2001-10-01,34,319,2485
LTRPB,2014-11-20,2014-12-23,34,40,997
OPBK,2006-03-24,2006-04-26,34,161,2090
APTO,1994-09-08,1994-10-11,34,27,1897
CCZ,2018-01-19,2018-02-21,34,29,1986
KELYB,2009-05-27,2009-06-29,34,96,4631
KBLMU,2019-02-28,2019-04-02,34,72,494
LMB,2015-09-09,2015-10-12,34,25,268
KELYB,2006-06-28,2006-07-31,34,96,4631
LFVN,2002-05-02,2002-06-04,34,290,2466
PFIS,2002-06-26,2002-07-29,34,34,1317
OTTW,2010-09-23,2010-10-26,34,39,1706
RDIB,2016-10-05,2016-11-07,34,64,1468
KIQ,2005-09-14,2005-10-17,34,175,3475
BHAT,2015-05-20,2015-06-22,34,234,1339
NVGS,2011-01-07,2011-02-09,34,203,1442
KIQ,2003-07-25,2003-08-27,34,175,3475
PFHD,2017-06-21,2017-07-24,34,57,537
BHAT,2013-01-02,2013-02-04,34,234,1339
KIQ,2001-05-09,2001-06-11,34,175,3475
YUMA,2002-05-15,2002-06-17,34,319,2485
ENG,1996-02-21,1996-03-25,34,33,307
PTVCA,1993-01-27,1993-03-01,34,103,3782
HWBK,2000-05-10,2000-06-12,34,35,766
PLX,2003-04-25,2003-05-28,34,80,1679
HBMD,2010-06-03,2010-07-06,34,25,1149
STG,2012-12-28,2013-01-30,34,187,1342
NIU,1996-06-28,1996-07-31,34,80,2245
KIQ,2006-02-01,2006-03-06,34,175,3475
KIQ,2008-04-25,2008-05-28,34,175,3475
HNRG,2002-06-14,2002-07-17,34,73,3290
PEBK,1993-05-13,1993-06-15,34,38,1334
KFS,1999-07-07,1999-08-09,34,106,730
FSBC,2010-06-23,2010-07-26,34,56,1958
PPSI,2013-08-15,2013-09-17,34,29,239
PPSI,2013-07-11,2013-08-13,34,29,239
CXDC,2007-11-07,2007-12-10,34,73,350
VEL,2014-08-20,2014-09-22,34,172,616
GBR,2003-03-13,2003-04-15,34,39,1204
VEL,2014-06-04,2014-07-07,34,172,616
SPFI,2017-09-20,2017-10-23,34,229,1793
HMG,1996-06-26,1996-07-29,34,39,3152
AIO,2001-10-18,2001-11-20,34,213,440
EMP,2018-02-09,2018-03-14,34,83,296
COFS,2003-02-05,2003-03-10,34,58,2372
FSBC,2009-01-09,2009-02-11,34,56,1958
NIU,2006-01-11,2006-02-13,34,80,2245
RDIB,2013-12-19,2014-01-21,34,64,1468
PLIN,2014-11-26,2014-12-29,34,24,128
ARWR,1998-11-12,1998-12-15,34,70,2032
ACER,2004-07-23,2004-08-25,34,24,196
DWSN,1996-01-03,1996-02-05,34,45,1504
AGM,1995-09-15,1995-10-18,34,50,538
GHG,2012-09-28,2012-10-31,34,70,661
AMCR,2015-02-11,2015-03-16,34,54,1345
PAYS,2010-05-12,2010-06-14,34,93,1140
GRAF,2008-10-22,2008-11-24,34,1223,3366
GPOR,2002-07-25,2002-08-27,34,24,782
AYTU,2010-10-29,2010-12-01,34,131,1696
HA,2003-07-16,2003-08-18,34,24,40
PANL,2013-12-20,2014-01-22,34,21,56
DIVC,2018-02-16,2018-03-21,34,116,762
CEMI,2004-09-22,2004-10-25,34,70,937
XELB,2014-10-08,2014-11-10,34,54,564
TMSR,2017-10-06,2017-11-08,34,46,531
APPS,2010-09-17,2010-10-20,34,24,572
MRKR,2006-07-05,2006-08-07,34,24,367
MSVB,2004-09-23,2004-10-26,34,115,3926
POPE,1996-03-28,1996-04-30,34,24,1484
MAXR,2016-06-17,2016-07-20,34,47,1359
CCB,2004-05-07,2004-06-09,34,253,1818
DWSN,1997-01-31,1997-03-05,34,45,1504
POPE,1995-09-07,1995-10-10,34,24,1484
DOOR,2010-06-04,2010-07-07,34,71,663
GHG,2013-11-06,2013-12-09,34,70,661
IMV,2011-05-06,2011-06-08,34,50,1241
KINS,2000-07-19,2000-08-21,34,24,1130
PLIN,2014-07-25,2014-08-27,34,24,128
WPM,2003-10-08,2003-11-10,34,92,996
CTZ,2008-12-26,2009-01-28,34,68,2291
MLPE,2018-04-05,2018-05-08,34,52,654
GPRK,2011-09-26,2011-10-28,33,51,697
GYRO,1995-10-02,1995-11-03,33,25,1792
PWOD,1995-04-07,1995-05-09,33,73,1405
GNL,2013-01-25,2013-02-26,33,54,1097
LBC,2015-06-26,2015-07-28,33,181,1956
JG,2012-05-14,2012-06-15,33,62,1061
ATLO,2001-07-12,2001-08-13,33,181,973
PWOD,1997-01-17,1997-02-18,33,73,1405
CLSK,2015-06-26,2015-07-28,33,238,1229
PAVMW,2019-09-27,2019-10-29,33,48,549
PCB,2013-08-29,2013-09-30,33,131,830
FPAY,2013-03-15,2013-04-16,33,105,1055
TBB,2010-07-15,2010-08-16,33,214,318
NEW,2009-10-16,2009-11-17,33,37,1104
BLD,2007-04-16,2007-05-18,33,62,1016
BSRR,1995-05-19,1995-06-20,33,69,867
NEW,2004-04-26,2004-05-28,33,37,1104
PFHD,2019-11-22,2019-12-24,33,57,537
MTC,2015-07-23,2015-08-24,33,90,1130
HNRG,1996-10-21,1996-11-22,33,73,3290
GPRK,2011-11-11,2011-12-13,33,51,697
ABEV,2003-06-30,2003-08-01,33,48,1519
BRFS,2001-02-02,2001-03-06,33,22,204
PJT,2007-10-18,2007-11-19,33,78,2431
RDIB,2014-02-14,2014-03-18,33,64,1468
RMG,2015-04-02,2015-05-04,33,120,1003
LBC,2005-04-08,2005-05-10,33,181,1956
SOLN,2019-02-08,2019-03-12,33,130,464
CBAY,2014-05-01,2014-06-02,33,22,70
MLPO,2017-07-14,2017-08-15,33,77,983
SMIT,1994-10-17,1994-11-18,33,30,616
AIRI,2012-04-09,2012-05-11,33,79,1622
AGM,1995-01-26,1995-02-27,33,50,538
AIRI,2005-03-17,2005-04-18,33,79,1622
TRT,1994-04-15,1994-05-17,33,278,1268
VMD,2003-07-28,2003-08-29,33,213,1247
VMD,2005-09-29,2005-10-31,33,213,1247
SLMBP,2005-10-28,2005-11-29,33,22,525
ELJ,2018-08-13,2018-09-14,33,31,310
COFS,2002-10-14,2002-11-15,33,58,2372
UBCP,1993-11-05,1993-12-07,33,77,1284
DISCB,2016-10-21,2016-11-22,33,26,1586
COFS,2003-08-07,2003-09-08,33,58,2372
WEI,2002-06-28,2002-07-30,33,1453,3275
ORRF,2002-01-24,2002-02-25,33,32,1270
RDIB,2019-05-13,2019-06-14,33,64,1468
CRH,1994-07-28,1994-08-29,33,71,838
STG,2005-08-29,2005-09-30,33,187,1342
PTVCA,2008-08-14,2008-09-15,33,103,3782
LFVN,2004-03-12,2004-04-13,33,290,2466
SIEB,1994-12-16,1995-01-17,33,49,1518
FGBI,2012-12-21,2013-01-22,33,57,699
AMCR,2014-05-19,2014-06-20,33,54,1345
SLMBP,2006-03-16,2006-04-17,33,22,525
AYTU,2010-06-10,2010-07-12,33,131,1696
NWGI,2009-07-13,2009-08-14,33,65,1434
MLPB,2017-12-08,2018-01-09,33,75,863
MLP,1994-09-02,1994-10-04,33,22,627
GLIBP,2015-04-02,2015-05-04,33,86,1141
GLIBP,2015-02-27,2015-03-31,33,86,1141
DUOT,2017-10-27,2017-11-28,33,265,974
COE,2013-05-16,2013-06-17,33,64,1318
CMCTP,2019-03-15,2019-04-16,33,44,287
CFBK,2001-05-17,2001-06-18,33,22,818
DOOO,2014-02-28,2014-04-01,33,25,915
CCB,2010-10-28,2010-11-29,33,253,1818
GSX,2015-05-15,2015-06-16,33,45,430
MAYS,1997-04-10,1997-05-12,33,55,4187
SENEB,2017-06-01,2017-07-03,33,23,2901
CIVB,1996-06-06,1996-07-08,33,45,1212
CIVB,1997-02-14,1997-03-18,33,45,1212
MXC,2000-01-03,2000-02-04,33,164,2419
DTP,2017-11-20,2017-12-22,33,24,965
MXC,2000-11-16,2000-12-18,33,164,2419
MAYS,1998-07-24,1998-08-25,33,55,4187
DWSN,2003-05-09,2003-06-10,33,45,1504
NWGI,2014-04-10,2014-05-12,33,65,1434
MSVB,2007-09-21,2007-10-23,33,115,3926
TROV,2009-07-13,2009-08-14,33,40,821
FBMS,2005-06-23,2005-07-25,33,165,1355
FBMS,2004-04-01,2004-05-03,33,165,1355
MLPB,2017-05-08,2017-06-08,32,75,863
EGBN,2000-12-19,2001-01-19,32,28,514
CEA,2009-06-09,2009-07-10,32,71,156
ALT,2017-04-24,2017-05-25,32,78,1032
TROV,2009-05-04,2009-06-04,32,40,821
FRBK,1994-01-25,1994-02-25,32,23,556
IMV,2012-10-12,2012-11-12,32,50,1241
AYTU,2011-03-11,2011-04-11,32,131,1696
FSBC,2013-05-03,2013-06-03,32,56,1958
PFIS,2002-10-14,2002-11-14,32,34,1317
BDCZ,2017-12-12,2018-01-12,32,94,712
FUE,2017-06-02,2017-07-03,32,22,1101
AIRI,2009-11-17,2009-12-18,32,79,1622
ALT,2011-11-22,2011-12-23,32,78,1032
NPA,2008-10-17,2008-11-17,32,122,1884
PJT,2001-04-24,2001-05-25,32,78,2431
TCFC,2007-02-16,2007-03-19,32,40,1507
LTBR,2004-08-27,2004-09-27,32,21,410
SASR,1995-05-02,1995-06-02,32,31,389
KELYB,2015-10-02,2015-11-02,32,96,4631
CYCCP,2010-12-13,2011-01-13,32,28,1770
LBC,2004-08-03,2004-09-03,32,181,1956
MLPO,2018-02-02,2018-03-05,32,77,983
LBTYB,2017-11-03,2017-12-04,32,41,1790
KBSF,2014-09-19,2014-10-20,32,34,437
KGJI,2003-08-08,2003-09-08,32,33,1229
HFBL,2010-05-24,2010-06-24,32,33,1291
SIEB,1993-06-18,1993-07-19,32,49,1518
OPBK,2010-02-05,2010-03-08,32,161,2090
PFBC,2001-04-30,2001-05-31,32,228,1314
AIRI,2011-10-21,2011-11-21,32,79,1622
FTS,2010-01-29,2010-03-01,32,21,568
ARWR,2001-12-17,2002-01-17,32,70,2032
BLU,2002-08-09,2002-09-09,32,21,924
CASS,1996-10-11,1996-11-11,32,22,607
PTVCA,1995-02-27,1995-03-30,32,103,3782
ORRF,2002-03-08,2002-04-08,32,32,1270
SENEB,2006-02-14,2006-03-17,32,23,2901
IOR,2011-08-29,2011-09-29,32,23,2198
ALT,2002-02-04,2002-03-07,32,78,1032
SLMBP,2006-02-03,2006-03-06,32,22,525
AMCR,2016-05-06,2016-06-06,32,54,1345
SWP,1994-02-01,1994-03-04,32,64,833
KLR,2006-12-29,2007-01-29,32,560,1397
GHG,2013-04-23,2013-05-24,32,70,661
ESBK,1995-10-27,1995-11-27,32,21,1758
DTP,2014-09-05,2014-10-06,32,24,965
LFVN,1999-10-15,1999-11-15,32,290,2466
WPM,2003-12-16,2004-01-16,32,92,996
PPHI,2020-02-04,2020-03-06,32,32,204
WEI,2011-11-18,2011-12-19,32,1453,3275
NMR,1995-07-10,1995-08-10,32,31,497
GLIBP,2016-05-06,2016-06-06,32,86,1141
DXF,2019-07-12,2019-08-12,32,22,105
ATCO,2012-07-23,2012-08-23,32,25,335
MSVB,2002-03-01,2002-04-01,32,115,3926
VBFC,1999-11-30,1999-12-31,32,45,2026
NEW,2017-09-05,2017-10-06,32,37,1104
MSVB,2003-08-25,2003-09-25,32,115,3926
AMRH,2017-02-24,2017-03-27,32,40,440
ABEV,2002-11-29,2002-12-30,32,48,1519
EPM,2001-09-18,2001-10-19,32,24,959
PJT,2006-08-18,2006-09-18,32,78,2431
GWB,2011-04-04,2011-05-05,32,247,1415
BOTJ,2001-10-08,2001-11-08,32,26,1564
PSN,2014-04-08,2014-05-09,32,106,612
PLIN,2014-09-09,2014-10-10,32,24,128
TH,2018-03-13,2018-04-13,32,38,508
PEBK,1994-07-01,1994-08-01,32,38,1334
GRAF,2005-12-05,2006-01-05,32,1223,3366
NSEC,1993-05-07,1993-06-07,32,38,2574
SRNE,2010-02-05,2010-03-08,32,82,1223
KELYB,2008-03-18,2008-04-18,32,96,4631
IKNX,2002-09-20,2002-10-21,32,26,2244
IKNX,1996-02-20,1996-03-22,32,26,2244
HNRG,1999-03-08,1999-04-08,32,73,3290
LFVN,1999-04-19,1999-05-20,32,290,2466
PAYS,2009-04-03,2009-05-04,32,93,1140
ORGS,2012-02-10,2012-03-12,32,54,277
CAE,1997-05-05,1997-06-05,32,50,1194
BRBS,2014-01-21,2014-02-21,32,45,1302
LOAC,2019-10-07,2019-11-07,32,24,210
MNSB,2008-12-26,2009-01-26,32,20,1405
FGBI,2014-07-25,2014-08-25,32,57,699
VERB,2015-09-18,2015-10-19,32,120,244
FCAP,2008-10-28,2008-11-28,32,26,1987
MCBS,2019-07-09,2019-08-09,32,86,575
RUBY,2012-08-27,2012-09-27,32,36,522
LMNR,2006-11-13,2006-12-14,32,54,781
FSBC,2012-03-26,2012-04-26,32,56,1958
INSE,2014-12-26,2015-01-26,32,20,260
KELYB,2010-12-14,2011-01-14,32,96,4631
ROAD,2014-06-09,2014-07-09,31,614,1154
PTVCA,1997-04-01,1997-05-01,31,103,3782
BHF,2014-05-12,2014-06-11,31,22,568
AGM,1995-06-27,1995-07-27,31,50,538
SOLN,2017-11-01,2017-12-01,31,130,464
MSVB,2011-06-29,2011-07-29,31,115,3926
SMIT,1994-12-28,1995-01-27,31,30,616
DJCO,2004-06-08,2004-07-08,31,25,2646
SWP,1994-08-01,1994-08-31,31,64,833
AIRI,2010-08-25,2010-09-24,31,79,1622
KELYB,2006-12-12,2007-01-11,31,96,4631
CCZ,2018-08-20,2018-09-19,31,29,1986
CTZ,2013-10-07,2013-11-06,31,68,2291
BCTF,2009-12-15,2010-01-14,31,155,3025
BE,2004-01-14,2004-02-13,31,117,2051
ROSEU,2019-02-26,2019-03-28,31,102,665
UIHC,2011-12-07,2012-01-06,31,64,884
CPHI,2003-04-23,2003-05-23,31,60,809
DJCO,2007-09-05,2007-10-05,31,25,2646
LFVN,2003-11-04,2003-12-04,31,290,2466
APTO,1997-12-31,1998-01-30,31,27,1897
MAYS,1995-06-27,1995-07-27,31,55,4187
BCDA,2005-04-05,2005-05-05,31,61,1991
MEC,2013-07-15,2013-08-14,31,55,863
PJT,2009-02-23,2009-03-25,31,78,2431
BCTF,2006-12-27,2007-01-26,31,155,3025
VHC,2006-04-25,2006-05-25,31,28,887
LFVN,2001-12-03,2002-01-02,31,290,2466
MEC,2015-04-13,2015-05-13,31,55,863
AUBN,1996-06-12,1996-07-12,31,51,1533
GTT,2009-02-24,2009-03-26,31,23,538
AIRI,2012-05-15,2012-06-14,31,79,1622
EMP,2018-01-03,2018-02-02,31,83,296
ARWR,2001-08-20,2001-09-19,31,70,2032
BST,2009-08-04,2009-09-03,31,23,552
LBC,2014-04-30,2014-05-30,31,181,1956
PAVMW,2018-12-17,2019-01-16,31,48,549
TGTX,2011-10-31,2011-11-30,31,22,236
MBCN,2003-05-12,2003-06-11,31,35,1837
SIM,2002-10-16,2002-11-15,31,25,682
MBCN,2003-08-25,2003-09-24,31,35,1837
MBCN,2004-05-11,2004-06-10,31,35,1837
PWOD,1995-09-25,1995-10-25,31,73,1405
HNRG,1994-09-19,1994-10-19,31,73,3290
MBCN,2006-09-25,2006-10-25,31,35,1837
GSX,2015-09-28,2015-10-28,31,45,430
TCFC,2010-04-26,2010-05-26,31,40,1507
ICL,2005-10-11,2005-11-10,31,270,1731
NIU,1993-03-31,1993-04-30,31,80,2245
COFS,2001-09-18,2001-10-18,31,58,2372
PWOD,1997-12-01,1997-12-31,31,73,1405
FSBC,2012-02-13,2012-03-14,31,56,1958
ALACR,2014-01-06,2014-02-05,31,182,754
ATCO,2012-05-14,2012-06-13,31,25,335
SAF,2006-04-11,2006-05-11,31,90,560
TMSR,2016-01-26,2016-02-25,31,46,531
HNRG,2001-12-18,2002-01-17,31,73,3290
YUMA,2003-09-03,2003-10-03,31,319,2485
ISDR,2009-03-09,2009-04-08,31,23,645
ABEV,2003-12-22,2004-01-21,31,48,1519
PLX,2000-06-19,2000-07-19,31,80,1679
LMNR,2003-12-22,2004-01-21,31,54,781
KIQ,2008-07-09,2008-08-08,31,175,3475
OCCI,2012-02-06,2012-03-07,31,426,1236
AEY,2002-10-01,2002-10-31,31,23,431
MSVB,2003-11-24,2003-12-24,31,115,3926
FPAY,2012-12-24,2013-01-23,31,105,1055
CKX,2000-01-12,2000-02-11,31,86,1945
AYTU,2009-11-17,2009-12-17,31,131,1696
PTVCA,1993-09-14,1993-10-14,31,103,3782
BCTF,2005-10-26,2005-11-25,31,155,3025
SMTS,2012-10-10,2012-11-09,31,25,1096
OGI,2014-03-12,2014-04-11,31,31,307
NVGS,2007-12-17,2008-01-16,31,203,1442
SPFI,2010-03-10,2010-04-09,31,229,1793
PTVCA,1995-08-08,1995-09-07,31,103,3782
OPBK,2007-01-03,2007-02-02,31,161,2090
CBH,2015-01-26,2015-02-25,31,40,590
VBIV,2001-11-20,2001-12-20,31,13,188
PTVCA,1995-04-03,1995-05-03,31,103,3782
UNB,1999-11-15,1999-12-15,31,25,752
ENSV,1996-07-23,1996-08-22,31,31,1297
SIEB,1994-01-18,1994-02-17,31,49,1518
SASR,1994-07-20,1994-08-19,31,31,389
NIU,2008-12-08,2009-01-07,31,80,2245
RCP,2017-10-02,2017-11-01,31,363,1190
LBTYB,2019-11-26,2019-12-26,31,41,1790
MXC,2002-11-19,2002-12-19,31,164,2419
ARWR,1999-02-02,1999-03-04,31,70,2032
BRBS,2014-07-22,2014-08-21,31,45,1302
PTVCA,1995-01-24,1995-02-23,31,103,3782
MTBCP,2016-03-23,2016-04-22,31,25,139
KELYB,2014-04-23,2014-05-23,31,96,4631
BRBS,2014-12-03,2015-01-02,31,45,1302
FMBH,2012-03-14,2012-04-13,31,31,2428
HBMD,2009-03-24,2009-04-23,31,25,1149
WVFC,2009-09-16,2009-10-15,30,22,1833
EMCF,2009-04-15,2009-05-14,30,22,2224
DOOO,2013-10-09,2013-11-07,30,25,915
FUE,2020-01-22,2020-02-20,30,22,1101
NOMD,2015-03-18,2015-04-16,30,24,85
JFKKU,2019-11-12,2019-12-11,30,24,135
FUE,2017-10-04,2017-11-02,30,22,1101
KBLM,2020-02-03,2020-03-03,30,21,305
GJR,2018-11-27,2018-12-26,30,20,1159
BHF,2015-03-18,2015-04-16,30,22,568
BNSO,1993-04-29,1993-05-28,30,22,435
CLBS,2005-01-26,2005-02-24,30,21,659
GPOR,2000-07-13,2000-08-11,30,24,782
CDR,2002-03-06,2002-04-04,30,21,1476
MPAA,1999-08-03,1999-09-01,30,22,158
URR,2019-05-21,2019-06-19,30,21,1029
FMCIU,2019-12-17,2020-01-15,30,20,178
HBMD,2011-10-06,2011-11-04,30,25,1149
INBK,2009-10-20,2009-11-18,30,22,867
PJT,2005-09-12,2005-10-11,30,78,2431
FCAP,2000-05-02,2000-05-31,30,26,1987
CTXR,2015-10-29,2015-11-27,30,62,329
BCDA,2006-12-06,2007-01-04,30,61,1991
LONE,2009-06-30,2009-07-29,30,60,1126
LONE,2012-08-15,2012-09-13,30,60,1126
COFS,2002-02-11,2002-03-12,30,58,2372
PTVCA,1996-07-02,1996-07-31,30,103,3782
COFS,2002-11-21,2002-12-20,30,58,2372
COFS,2003-04-08,2003-05-07,30,58,2372
YUMA,2001-10-03,2001-11-01,30,319,2485
PTVCA,1994-05-03,1994-06-01,30,103,3782
JJE,2018-05-15,2018-06-13,30,57,624
YUMA,2003-05-06,2003-06-04,30,319,2485
DGICB,2015-02-17,2015-03-18,30,57,2239
FPAY,2011-08-01,2011-08-30,30,105,1055
TXMD,2009-07-23,2009-08-21,30,107,883
MSVB,2017-08-01,2017-08-30,30,115,3926
MEC,2012-08-28,2012-09-26,30,55,863
MSVB,2015-12-22,2016-01-20,30,115,3926
MSVB,2012-06-13,2012-07-12,30,115,3926
MAYS,2006-09-06,2006-10-05,30,55,4187
MAYS,2011-02-28,2011-03-29,30,55,4187
MSVB,2008-02-14,2008-03-14,30,115,3926
MSVB,2007-05-30,2007-06-28,30,115,3926
XELB,2013-02-20,2013-03-21,30,54,564
XELB,2014-02-04,2014-03-05,30,54,564
LMNR,2004-10-19,2004-11-17,30,54,781
OVBC,1996-02-15,1996-03-15,30,116,1847
AMCR,2014-09-09,2014-10-08,30,54,1345
DMAC,2015-04-14,2015-05-13,30,61,941
UIHC,2009-08-19,2009-09-17,30,64,884
GIX,2017-06-26,2017-07-25,30,117,2607
RDIB,2019-11-14,2019-12-13,30,64,1468
PJT,2008-05-01,2008-05-30,30,78,2431
KLR,2016-08-10,2016-09-08,30,560,1397
AIRI,2005-08-30,2005-09-28,30,79,1622
EVGN,2012-03-14,2012-04-12,30,77,725
EVGN,2013-01-17,2013-02-15,30,77,725
ROAD,2012-03-15,2012-04-13,30,614,1154
NIU,2001-04-30,2001-05-29,30,80,2245
MLPB,2017-11-07,2017-12-06,30,75,863
PWOD,1995-02-08,1995-03-09,30,73,1405
PLX,2002-09-19,2002-10-18,30,80,1679
PLX,2001-10-04,2001-11-02,30,80,1679
TT,2000-09-13,2000-10-12,30,432,1781
HNRG,2006-09-27,2006-10-26,30,73,3290
HNRG,2007-07-10,2007-08-08,30,73,3290
GLIBP,2017-01-09,2017-02-07,30,86,1141
GRAF,2008-04-07,2008-05-06,30,1223,3366
MCF,1998-03-04,1998-04-02,30,90,1481
MCF,1994-08-15,1994-09-13,30,90,1481
GHG,2012-06-07,2012-07-06,30,70,661
LD,2016-01-12,2016-02-10,30,91,1282
PAYS,2010-06-16,2010-07-15,30,93,1140
VTNR,2001-05-30,2001-06-28,30,64,1075
YUMA,1998-05-05,1998-06-03,30,319,2485
VTNR,2002-07-31,2002-08-29,30,64,1075
KELYB,2017-01-12,2017-02-10,30,96,4631
RDIB,2012-11-01,2012-11-30,30,64,1468
KELYB,2016-04-07,2016-05-06,30,96,4631
BE,2002-03-05,2002-04-03,30,117,2051
GIX,2014-10-15,2014-11-13,30,117,2607
IKNX,1996-12-10,1997-01-08,30,26,2244
GWB,2010-11-29,2010-12-28,30,247,1415
OTTW,2013-03-28,2013-04-26,30,39,1706
RIVE,2013-08-06,2013-09-04,30,39,1106
PTE,2002-06-26,2002-07-25,30,39,605
GBR,1999-08-25,1999-09-23,30,39,1204
GMAB,2013-02-20,2013-03-21,30,241,1068
NSEC,1997-03-06,1997-04-04,30,38,2574
KIQ,2002-10-08,2002-11-06,30,175,3475
KIQ,1998-06-10,1998-07-09,30,175,3475
CBFV,2013-01-30,2013-02-28,30,35,1688
MBCN,2006-11-30,2006-12-29,30,35,1837
HWBK,1999-09-14,1999-10-13,30,35,766
ALRS,2008-09-10,2008-10-09,30,34,2072
STG,2013-07-11,2013-08-09,30,187,1342
STG,2012-11-08,2012-12-07,30,187,1342
KBSF,2013-08-29,2013-09-27,30,34,437
KGJI,2008-01-22,2008-02-20,30,33,1229
STG,2005-03-22,2005-04-20,30,187,1342
PIC,2011-12-06,2012-01-04,30,32,232
BHAT,2012-07-09,2012-08-07,30,234,1339
BHAT,2012-08-09,2012-09-07,30,234,1339
AJXA,2006-01-04,2006-02-02,30,196,923
SPFI,2016-10-12,2016-11-10,30,229,1793
CCZ,2017-06-27,2017-07-26,30,29,1986
CZNC,1994-04-07,1994-05-06,30,28,1118
CZNC,1996-10-23,1996-11-21,30,28,1118
CYCCP,2015-10-01,2015-10-30,30,28,1770
SNGX,1995-07-03,1995-08-01,30,27,526
AMRH,2017-01-24,2017-02-22,30,40,440
TCFC,2012-12-13,2013-01-11,30,40,1507
GIX,2013-07-08,2013-08-06,30,117,2607
TCFC,2012-06-12,2012-07-11,30,40,1507
GIX,2001-10-02,2001-10-31,30,117,2607
CAE,1997-10-07,1997-11-05,30,50,1194
IMV,2013-04-09,2013-05-08,30,50,1241
SGOC,2010-04-20,2010-05-19,30,130,639
AEMD,2003-02-18,2003-03-19,30,49,802
EEH,2010-10-20,2010-11-18,30,48,1717
ICL,2005-11-28,2005-12-27,30,270,1731
BWFG,2012-07-19,2012-08-17,30,132,880
LSXMB,2020-01-13,2020-02-11,30,48,629
FDBC,1999-06-07,1999-07-06,30,47,2353
FDBC,2001-10-01,2001-10-30,30,47,2353
VBFC,1998-06-08,1998-07-07,30,45,2026
NET,2005-11-03,2005-12-02,30,146,1342
BCTF,2012-11-28,2012-12-27,30,155,3025
GWB,2007-12-13,2008-01-11,30,247,1415
BCTF,2005-11-30,2005-12-29,30,155,3025
AMUB,2018-08-22,2018-09-20,30,160,831
AMUB,2017-10-31,2017-11-29,30,160,831
IFS,2010-09-27,2010-10-26,30,43,525
OPBK,2008-05-05,2008-06-03,30,161,2090
OPBK,2008-04-01,2008-04-30,30,161,2090
LBTYB,2013-10-01,2013-10-30,30,41,1790
OPBK,2007-08-06,2007-09-04,30,161,2090
TROV,2009-08-24,2009-09-22,30,40,821
CBH,2015-08-10,2015-09-08,30,40,590
OPBK,2005-11-23,2005-12-22,30,161,2090
OPBK,2005-08-31,2005-09-29,30,161,2090
GRAF,2006-06-07,2006-07-06,30,1223,3366
